unit,nace_r2,geo\time	2017 	2016 	2015 	2014 	2013 	2012 	2011 	2010 	2009 	2008 	2007 
PC,B,AT	12.7 	14.9 	14.4 	15.9 	: 	: 	: 	18.3 	: 	: 	: 
PC,B,BE	-1.6 	-1.4 	-1.2 	-1.0 	-4.1 	-7.1 	-10.4 	-13.4 	-10.1 	-8.8 	-7.2 
PC,B,BG	15.4 	15.6 	18.0 	16.8 	17.1 	21.2 	16.4 	15.9 	18.8 	23.7 	26.9 
PC,B,CH	7.9 	8.1 	8.3 	8.2 	9.0 	9.6 	10.4 	5.2 	7.7 d	7.8 d	: 
PC,B,CY	18.5 u	18.7 u	30.3 u	22.7 u	26.7 u	17.4 u	16.6 u	15.5 u	27.7 u	39.7 u	: 
PC,B,CZ	16.4 	14.5 	16.3 	16.9 	21.3 	21.2 	22.8 	22.6 	22.2 	24.8 	: 
PC,B,DE	3 p	0.1 p	0.2 p	0.4 	4.1 	7.0 	9.8 	12.3 	10.5 	6.8 	5.1 
PC,B,DK	20.7 	20.3 	17.1 	17.7 	14.3 	12.8 	14.3 	18.6 	16.1 	12.5 	: 
PC,B,EE	31.6 	37.3 	32.9 	24.7 	38.3 	37.0 	34.0 	36.0 	36.5 	37.2 	: 
PC,B,EL	: 	: 	: 	-2.1 	: 	: 	: 	34.0 	: 	: 	: 
PC,B,ES	-4.6 p	-4.6 	-12.6 	-9.8 	10.8 	15.0 	14.4 	12.2 	12.5 	13.0 	13.3 
PC,B,FI	10.8 p	10.2 	10.4 	5.2 	5.4 	10.6 	7.4 	16.3 	20.3 	15.6 	: 
PC,B,FR	13.4 p	13.5 p	14.0 	15.4 	15.2 	13.4 	12.9 	13.5 	9.6 	3.1 	: 
PC,B,HR	-9.3 	-2.9 	: 	-2.5 	0.9 	: 	: 	-4.1 	: 	: 	: 
PC,B,HU	-23.3 p	-22.3 	: 	-9.4 	-26.1 	-13.9 	-18.2 	-12.2 	2.3 	4.5 	: 
PC,B,IE	: 	: 	: 	: c	: c	: c	: c	: 	: 	: 	: 
PC,B,IT	: c	: c	: c	6.6 	: c	: c	: c	-15.2 	: 	: 	: 
PC,B,LT	5.8 	5.6 	5.2 	4.2 	6.0 	3.9 	2.5 	1.2 b	5.0 	14.3 	14.1 
PC,B,LU	14.7 	7.4 	9.7 	9.3 	: 	: 	: 	-4.2 u	: 	: 	: 
PC,B,LV	18.5 	20.5 	14.2 	21.5 	21.5 	17.8 	: u	12.5 	: 	: 	: 
PC,B,ME	: 	: 	: 	-3.4 	: 	: 	: 	: 	: 	: 	: 
PC,B,MK	: 	: 	: 	17.1 	: 	: 	: 	: 	: 	: 	: 
PC,B,MT	-67.3 u	-44.8 u	-30.6 u	-9.7 u	2.9 u	8.9 u	26.4 u	26.8 	24.3 	15.4 	: 
PC,B,NL	13.7 	17.5 	18.7 	18.6 	18.6 	25.2 	24.4 	27.5 	25.8 	30.0 	: 
PC,B,NO	8.0 	9.7 	12.5 	11.2 	8.5 	9.4 	10.2 	12.8 	11.5 	13.0 	: 
PC,B,PL	16.1 p	16.1 	18.8 	21.5 	21.7 	21.8 	20.9 	20.0 	22.7 	25.4 	28.1 
PC,B,PT	-11.8 	-18.1 	-18.6 	-26.6 	-21.8 	-18.7 	-15.3 	-12.3 	-8.9 	-6.4 	-4.6 
PC,B,RO	-14.1 e	-17.2 e	-12.9 e	-9.5 	-9.7 	-12.2 	-11.2 	-13.9 	4.1 d	-4.9 d	11 d
PC,B,RS	: 	: 	: 	6.5 	: 	: 	: 	: 	: 	: 	: 
PC,B,SE	4.1 	3.0 	3.8 	7.6 	6.4 	8.1 	5.3 	5.5 	8.7 	7.0 	: 
PC,B,SI	16.1 	15.8 	15.9 	13.0 	14.3 	17.0 	16.5 	16.5 	17.3 	17.6 	15.1 
PC,B,SK	20.2 	17.3 	14.0 	13.0 	10.0 	-8.2 	-10.3 	5.1 	2.9 	-2.2 	: 
PC,B,TR	: 	: 	: 	15.0 	: 	: 	: 	: 	: 	: 	: 
PC,B,UK	-4.9 p	0.2 	7.7 	7.5 	11.6 	-1.5 	-12.1 	5.5 b	3.4 	6.4 	-5.6 
PC,B-N,AT	21.7 	21.7 	23.3 	23.8 	23.8 	24.3 	24.7 	25.2 	25.5 	26.2 	26.7 
PC,B-N,BE	10.6 	10.7 	10.9 	11.0 	12.1 	13.0 	14.1 	15.1 	15.1 	15.2 	15.3 
PC,B-N,BG	13.8 	14.1 	15.1 	14.3 	14.8 	15.1 	13.7 	14.1 	14.5 	13.2 	12.6 
PC,B-N,CH	19.5 	19.5 	19.7 	19.9 	20.3 	20.3 	20.6 	23.0 	23.5 d	23.5 d	: 
PC,B-N,CY	21.2 	21.4 	21.8 	22.4 	23.4 	24.3 	24.9 	26.1 	27.0 	27.6 	29.4 
PC,B-N,CZ	16.4 	15.9 	16.1 	16.5 	15.9 	15.5 	16.1 	16.1 	21.0 	21.1 	24.5 
PC,B-N,DE	24.8 p	25 p	25.4 p	25.7 	25.4 	26.0 	25.8 	25.7 	26.0 	26.0 	26.0 
PC,B-N,DK	15.5 	16.2 	15.5 	16.4 	17.1 	17.5 	18.3 	17.9 	16.8 	16.2 	16.7 
PC,B-N,EE	26.2 	25.6 	26.9 	29.0 	30.2 	29.7 	27.3 	28.5 	27.7 	28.3 	30.5 
PC,B-N,EL	: 	: 	: 	18.6 	: 	: 	: 	19.7 	: 	21.9 d	20.5 
PC,B-N,ES	20.8 p	20.8 	20.3 	19.9 	23.4 	23.9 	23.6 	22.4 	22.7 	21.3 	22.8 
PC,B-N,FI	15.7 p	17.1 	17.1 	17.6 	18.0 	18.3 	18.1 	19.4 	19.8 	19.0 	19.4 
PC,B-N,FR	12.5 p	12.5 p	12.5 	12.8 	13.6 	13.8 	14.2 	15.6 	15.6 	17.0 	16.8 
PC,B-N,HR	12.5 	11.1 	: 	10.0 	9.4 	: 	: 	: 	: 	: 	: 
PC,B-N,HU	12.9 p	14.0 	12.6 	14.1 	13.9 	15.7 	14.4 	15.4 	15.0 	15.9 	16.8 
PC,B-N,IE	: 	: 	: 	21.1 	21.2 	21.0 	21.8 	22.7 	21.4 	21.6 	25.8 
PC,B-N,IS	15.4 	15.9 	16.5 	15.9 	16.5 	15.7 	16.4 	16.5 	18.9 	21.5 	24.3 
PC,B-N,IT	15.6 p	16.0 	17.2 	17.6 	18.9 	17.0 	15.7 	15.8 	16.1 	16.0 	16.4 
PC,B-N,LT	15.4 	17.8 	18.0 	17.5 	16.8 	17.0 	16.9 	18.3 b	21.4 	25.2 	25.9 
PC,B-N,LU	13.1 	13.9 	14.2 	14.0 	13.9 	14.0 	13.8 	13.7 	14.2 	14.8 	15.3 
PC,B-N,LV	15.1 	15.4 	15.1 	16.0 	14.8 	14.6 	14.4 	17.0 	17.2 	15.5 	17.8 
PC,B-N,ME	: 	: 	: 	5.0 	: 	: 	: 	: 	: 	: 	: 
PC,B-N,MK	: 	: 	: 	12.7 	: 	: 	: 	: 	: 	: 	: 
PC,B-N,MT	14.8 	14.3 	14.5 	14.2 	14.6 	15.3 	15.3 	15.5 	16.2 	18.5 	14.9 
PC,B-N,NL	21.2 	21.6 	21.8 	21.6 	21.7 	22.2 	23.1 	17.7 	18.5 	19.0 	19.5 
PC,B-N,NO	16.9 	17.5 	18.5 	17.3 	17.3 	17.3 	18.4 	19.7 	19.6 	19.6 	19.3 
PC,B-N,PL	15.4 p	15.4 	16.6 	17.7 	16.7 	15.6 	15.9 	16.1 	17.9 	19.7 	21.5 
PC,B-N,PT	20.0 	21.1 	21.7 	22.5 	21.3 	21.7 	20.3 	22.8 	21.0 	22.6 	21.4 
PC,B-N,RO	7.3 e	7 e	6.4 e	5.4 	5.5 	5.7 	7.7 	6.9 	9.8 d	11.2 d	13.3 d
PC,B-N,RS	: 	: 	: 	9.6 	: 	: 	: 	: 	: 	: 	: 
PC,B-N,SE	9.6 	10.2 	10.5 	10.4 	11.2 	12.1 	12.5 	12.9 	13.7 	15.6 	16.9 
PC,B-N,SI	9.2 	8.9 	8.8 	8.5 	8.5 	7.9 	8.1 	6.9 	6.7 	10.6 	11.3 
PC,B-N,SK	20.6 	19.8 	19.9 	20.8 	20.0 	21.6 	19.4 	20.2 	22.4 	20.8 	23.9 
PC,B-N,TR	: 	: 	: 	1.7 	: 	: 	: 	: 	: 	: 	: 
PC,B-N,UK	21.1 p	21.7 	23.3 	23.9 	24.0 	26.4 	25.7 	28.1 b	23.1 	24.3 	24.0 
PC,B-S,BG	12.7 	13.2 	14.2 	12.9 	12.7 	14.0 	12.2 	12.3 	12.5 	11.4 	10.6 
PC,B-S,CH	17.0 	17.0 	17.2 	17.4 	17.6 	17.4 	17.6 	17.9 	18.4 d	18.4 d	: 
PC,B-S,CY	13.1 	13.7 	14.0 	14.4 	14.9 	15.5 	16.1 	16.6 	18.0 	19.6 	21.7 
PC,B-S,CZ	20.3 	20.7 	21.5 	21.6 	21.3 	21.7 	21.8 	20.9 	25.0 	25.4 	23.3 
PC,B-S,DE	20 p	20.4 p	20.8 p	21.1 	20.8 	21.5 	20.9 	20.8 	: 	: 	: 
PC,B-S,DK	14.2 	14.5 	14.6 	15.7 	16.2 	16.4 	16.0 	16.8 	15.7 	15.1 	17.3 
PC,B-S,EE	24.2 	23.7 	25.0 	26.4 	28.2 	28.2 	25.8 	26.1 	25.4 	26.6 	29.5 
PC,B-S,EL	: 	: 	: 	: 	: 	: 	: 	15.0 	: 	: 	: 
PC,B-S,ES	14.2 p	14.2 	13.1 	14.0 	17.2 	17.8 	16.8 	15.3 	15.8 	15.4 	: 
PC,B-S,FI	16.5 p	17.1 	17.4 	18.2 	18.5 	18.8 	18.6 	20.0 	20.3 	20.2 	20.1 
PC,B-S,FR	15.4 p	15.3 p	15.3 	15.4 	15.2 	15.0 	15.0 	15.5 	: 	: 	: 
PC,B-S,HR	11.9 	11.5 	: 	8.6 	8.8 	: 	: 	5.5 	: 	: 	: 
PC,B-S,HU	14.4 p	14.3 	12.9 	13.7 	15.8 	17.0 	15.9 	15.9 	15.5 	16.7 	16.1 
PC,B-S,IE	: 	: 	: 	14.1 	13.1 	12.6 	13.1 	13.3 	12.3 	12.5 	17.6 
PC,B-S,IS	15.3 	15.6 	17.0 	16.4 	18.5 	17.2 	17.5 	17.5 	18.0 	20.5 	23.4 
PC,B-S,IT	: 	: 	: 	7.4 	: 	: 	: 	: 	: 	: 	: 
PC,B-S,LT	14.2 	13.4 	13.0 	12.4 	11.5 	11.4 	11.3 	12 b	15.0 	20.5 	21.2 
PC,B-S,LV	14.2 	15.4 	15.1 	15.8 	14.2 	13.0 	12.0 	13.2 	: 	: 	: 
PC,B-S,MK	: 	: 	: 	8.3 	: 	: 	: 	: 	: 	: 	: 
PC,B-S,NL	14.1 	14.6 	15.2 	15.2 	15.7 	16.9 	17.8 	18.0 	18.9 	19.3 	19.7 
PC,B-S,NO	14.3 	14.8 	16.0 	: 	15.6 	14.9 	16.2 	16.7 	: 	: 	: 
PC,B-S,PL	7.1 p	7.1 	7.4 	7.7 	7.3 	6.8 	5.9 	4.9 	8.0 	11.1 	14.2 
PC,B-S,PT	: 	: 	: 	: 	: 	: 	: 	: 	0.0 	: 	: 
PC,B-S,RO	2.3 e	4 e	4.7 e	3.4 	3.7 	6.1 	9.0 	8.4 	6.7 d	6.9 d	10.5 d
PC,B-S,SE	12.0 	12.6 	13.4 	13.5 	14.2 	15.1 	15.2 	15.6 	15.0 	15.3 	14.5 
PC,B-S,SI	7.6 	7.5 	7.5 	6.6 	5.8 	4.4 	2.8 	0.7 	-0.3 	4.1 	4.9 
PC,B-S,SK	19.6 	18.8 	19.7 	19.8 	18.7 	20.8 	19.9 	19.6 	21.7 	20.4 	22.7 
PC,B-S,UK	20.4 p	20.3 	20.6 	20.6 	20.7 	22.3 	21.5 	23.1 b	20.4 	21.3 	20.8 
PC,B-S_X_O,AT	19.9 	20.1 	21.7 	22.2 	22.3 	22.9 	23.5 	24.0 	24.3 	25.1 	25.5 
PC,B-S_X_O,BE	6.0 	6.1 	6.5 	6.6 	7.5 	8.3 	9.4 	10.2 	10.1 	10.2 	10.1 
PC,B-S_X_O,BG	13.6 	14.4 	15.4 	14.2 	14.1 	15.1 	13.2 	13.0 	13.3 	12.3 	12.1 
PC,B-S_X_O,CH	17.0 	17.0 	17.2 	17.4 	17.6 	17.4 	17.6 	17.8 	18.4 d	18.4 d	: 
PC,B-S_X_O,CY	13.7 	13.9 	14.0 	14.2 	14.9 	15.6 	16.1 	16.8 	17.8 	19.5 	22.0 
PC,B-S_X_O,CZ	21.1 	21.5 	22.5 	22.5 	22.3 	22.5 	22.6 	21.6 	25.9 	26.2 	23.6 
PC,B-S_X_O,DE	21 p	21.5 p	22 p	22.3 	22.1 	22.7 	22.4 	22.3 	22.6 	22.8 	22.8 
PC,B-S_X_O,DK	14.7 	15.0 	15.1 	16.0 	16.5 	16.8 	16.4 	17.1 	16.8 	17.1 	17.7 
PC,B-S_X_O,EA19	16.1 p	16.4 p	16.6 p	16.8 	17.1 	17.6 	17.3 	17.0 	: 	: 	: 
PC,B-S_X_O,EE	25.6 	25.3 	26.9 	28.1 	29.8 	29.9 	27.3 	27.7 	26.6 	27.6 	30.9 
PC,B-S_X_O,EL	: 	: 	: 	12.5 	: 	: 	: 	15.0 	: 	22 d	21.5 
PC,B-S_X_O,ES	15.1 p	15.1 	14.2 	14.9 	17.8 	18.7 	17.6 	16.2 	16.7 	16.1 	18.1 
PC,B-S_X_O,EU27	16.1 p	16.3 p	16.6 p	16.6 	16.9 	17.5 	17.2 	17.2 	17.2 p	17.3 	: 
PC,B-S_X_O,EU28	16.0 p	16.3 p	16.5 p	16.6 	16.8 	17.4 	17.1 	17.1 	: 	: 	: 
PC,B-S_X_O,FI	16.7 p	17.4 	17.6 	18.4 	18.8 	19.2 	19.1 	20.3 	20.8 	20.5 	20.2 
PC,B-S_X_O,FR	15.4 p	15.3 p	15.3 	15.5 	15.5 	15.6 	15.7 	15.6 	15.2 	16.9 	17.3 
PC,B-S_X_O,HR	11.6 	11.1 	: 	8.7 	7.7 	: 	: 	5.7 	: 	: 	: 
PC,B-S_X_O,HU	14.2 p	14.0 	14.0 	15.1 	18.4 	20.1 	18.0 	17.6 	17.1 	17.5 	16.3 
PC,B-S_X_O,IE	: 	: 	: 	13.9 	12.9 	12.2 	12.7 	13.9 	12.6 	12.6 	17.3 
PC,B-S_X_O,IS	15.5 	15.8 	17.5 	16.7 	19.0 	17.7 	17.8 	17.7 	18.0 	20.7 	24.0 
PC,B-S_X_O,IT	5 p	5.3 	5.5 	6.1 	7.0 	6.5 	5.7 	5.3 	5.5 	4.9 	5.1 
PC,B-S_X_O,LT	15.2 	14.4 	14.2 	13.3 	12.2 	11.9 	11.5 	11.9 b	15.3 	21.6 	22.6 
PC,B-S_X_O,LU	5.0 	5.5 	5.5 	5.4 	6.2 	7.0 	7.9 	8.7 	9.2 	9.7 	10.2 
PC,B-S_X_O,LV	15.7 	17.0 	17.0 	17.3 	16.0 	14.9 	14.1 	15.5 	13.1 	11.8 	13.6 
PC,B-S_X_O,ME	: 	: 	: 	7.7 	: 	: 	: 	: 	: 	: 	: 
PC,B-S_X_O,MK	: 	: 	: 	9.1 	: 	: 	: 	: 	: 	: 	: 
PC,B-S_X_O,MT	12.2 	11.0 	10.4 	10.6 	9.7 	9.5 	7.7 	7.2 	7.7 	9.2 	7.8 
PC,B-S_X_O,NL	15.2 	15.6 	16.1 	16.2 	16.6 	17.6 	18.6 	17.8 	18.5 	18.9 	19.3 
PC,B-S_X_O,NO	14.3 	14.9 	16.2 	14.5 	15.5 	14.7 	15.7 	16.1 	16.5 	17.0 	15.6 
PC,B-S_X_O,PL	7.2 p	7.2 	7.4 	7.7 	7.1 	6.4 	5.5 	4.5 	8.0 	11.4 	14.9 
PC,B-S_X_O,PT	16.3 	17.5 	17.8 	14.9 	13.3 	15.0 	12.9 	12.8 	10.0 	9.2 	8.5 
PC,B-S_X_O,RO	3.5 e	5.2 e	5.8 e	4.5 	4.9 	6.9 	9.6 	8.8 	7.4 d	8.5 d	12.5 d
PC,B-S_X_O,RS	: 	: 	: 	8.7 	: 	: 	: 	: 	: 	: 	: 
PC,B-S_X_O,SE	12.6 	13.3 	14.0 	13.8 	14.6 	15.5 	15.6 	15.4 	15.7 	16.9 	17.8 
PC,B-S_X_O,SI	8.0 	7.8 	8.1 	7.0 	6.3 	4.5 	3.3 	0.9 	-0.9 	4.1 	5.0 
PC,B-S_X_O,SK	19.8 	19.0 	19.6 	19.7 	18.8 	20.8 	20.1 	19.6 	21.9 	20.9 	23.6 
PC,B-S_X_O,TR	: 	: 	: 	-1.3 	: 	: 	: 	: 	: 	: 	: 
PC,B-S_X_O,UK	20.8 p	20.7 	21.0 	20.9 	21.0 	22.6 	21.8 	23.3 b	20.6 	21.4 	20.8 
PC,C,AT	21.6 	21.8 	22.7 	23.0 	: 	: 	: 	24.4 	: 	: 	: 
PC,C,BE	6.0 	6.2 	6.2 	6.4 	7.6 	8.9 	10.1 	11.5 	11.9 	12.5 	13.3 
PC,C,BG	24.7 	24.8 	26.2 	25.0 	26.8 	26.4 	25.2 	24.1 	24.2 	25.0 	24.2 
PC,C,CH	17.7 	17.7 	17.9 	18.0 	18.3 	18.2 	18.4 	19.8 	21.2 d	21.3 d	: 
PC,C,CY	29.3 	29.0 	29.2 	28.4 	29.5 	30.4 	32.5 	33.4 	33.5 	35.8 	: 
PC,C,CZ	25.1 	25.1 	27.3 	27.6 	27.4 	27.5 	27.8 	28.1 	30.4 	29.8 	: 
PC,C,DE	24.6 p	25 p	25.5 p	26.5 	26.2 	26.5 	27.2 	27.4 	27.8 	28.4 	28.9 
PC,C,DK	9.9 	10.7 	10.9 	12.5 	12.8 	13.6 	13.2 	13.9 	14.5 	15.4 	: 
PC,C,EE	29.0 	30.0 	30.4 	30.4 	33.6 	33.3 	31.5 	31.6 	31.2 	30.7 	: 
PC,C,EL	: 	: 	: 	19.9 	: 	: 	: 	18.3 	: 	: 	: 
PC,C,ES	18.5 p	18.5 	19.2 	19.1 	22.4 	23.6 	24.2 	22.3 	21.9 	23.5 	25.6 
PC,C,FI	9.1 p	9.6 	10.2 	11.4 	12.1 	12.8 	13.1 	14.4 	14.7 	15.2 	: 
PC,C,FR	14.4 p	14.3 p	14.3 	14.4 	15.0 	15.0 	15.2 	16.2 	16.4 	18.0 	: 
PC,C,HR	19.8 	19.9 	: 	19.2 	18.3 	: 	: 	18.4 	: 	: 	: 
PC,C,HU	20.7 p	22.0 	19.9 	22.6 	23.2 	26.0 	25.8 	26.4 	25.4 	26.3 	: 
PC,C,IE	: 	: 	: 	: c	: c	: c	: c	: 	: 	: 	: 
PC,C,IS	16.4 	14.8 	16.5 	15.3 	19.1 	19.8 	20.7 	23.3 	21.4 	22.6 	26.1 
PC,C,IT	16.7 p	16.7 	15.0 	17.7 	18.9 	17.4 	16.1 	16.0 	: 	: 	: 
PC,C,LT	24.2 	26.0 	26.2 	25.8 	26.2 	26.9 	27.1 	30.4 b	31.5 	32.7 	32.0 
PC,C,LU	14.8 	14.9 	15.3 	16.2 	15.8 	15.6 	15.9 	16.2 	16.9 	17.5 	18.2 
PC,C,LV	18.0 	18.6 	18.9 	20.4 	20.7 	20.5 	18.0 	18.8 	: 	: 	: 
PC,C,ME	: 	: 	: 	9.8 	: 	: 	: 	: 	: 	: 	: 
PC,C,MK	: 	: 	: 	21.3 	: 	: 	: 	: 	: 	: 	: 
PC,C,MT	21.1 	21.5 	20.6 	18.8 	18.6 	17.6 	16.7 	14.9 	19.4 	21.5 	: 
PC,C,NL	18.3 	18.2 	19.3 	19.1 	19.1 	20.0 	21.1 	18.6 	19.0 	19.7 	: 
PC,C,NO	10.8 	11.7 	12.4 	12.0 	12.2 	13.2 	12.9 	13.6 	13.5 	14.9 	: 
PC,C,PL	20.7 p	20.7 	20.8 	20.9 	21.2 	21.4 	21.2 	20.9 	24.1 	27.2 	30.4 
PC,C,PT	30.5 	31.0 	31.6 	30.6 	30.0 	31.0 	28.8 	33.4 	32.6 	33.6 	33.3 
PC,C,RO	18.2 e	18.6 e	17.9 e	19.6 	20.5 	21.6 	21.8 	22.6 	22.9 d	23.4 d	24.8 d
PC,C,RS	: 	: 	: 	18.6 	: 	: 	: 	: 	: 	: 	: 
PC,C,SE	4.2 	4.1 	5.0 	6.9 	7.3 	7.8 	7.9 	8.9 	9.3 	10.4 	: 
PC,C,SI	15.1 	14.8 	14.3 	13.9 	13.9 	13.4 	13.6 	12.9 	13.4 	17.7 	17.7 
PC,C,SK	26.3 	26.4 	26.8 	27.4 	27.7 	27.4 	27.9 	27.4 	29.2 	29.2 	: 
PC,C,TR	: 	: 	: 	16.2 	: 	: 	: 	: 	: 	: 	: 
PC,C,UK	17.1 p	18.3 	20.2 	19.4 	18.5 	20.7 	21.1 	23.1 b	21.5 	23.0 	21.5 
PC,D,AT	18.3 	18.4 	19.3 	19.8 	: 	: 	: 	23.6 	: 	: 	: 
PC,D,BE	21.6 	21.8 	22.4 	22.4 	24.2 	26.0 	27.7 	29.6 	30.4 	30.8 	31.1 
PC,D,BG	16.8 	13.8 	9.4 	14.0 	13.0 	15.3 	20.8 	15.7 	17.0 	15.9 	9.2 
PC,D,CH	10.2 	10.4 	10.6 	10.5 	11.3 	11.9 	12.7 	15.8 	18.6 d	18.6 d	: 
PC,D,CY	2.3 u	2.4 u	2.8 u	3.4 u	7.4 u	12.8 u	17.2 u	19.3 	20.4 	22.5 	: 
PC,D,CZ	16.9 	14.6 	16.1 	18.1 	17.8 	17.9 	16.0 	18.4 	18.5 	18.4 	: 
PC,D,DE	20.9 p	21.5 p	22.7 p	21.2 	21.6 	21.5 	21.6 	21.4 	21.5 	21.4 	21.5 
PC,D,DK	18.7 	18.6 	19.8 	22.3 	21.3 	21.3 	18.9 	21.8 	17.4 	21.6 	: 
PC,D,EE	14.2 	15.0 	17.6 	17.3 	22.4 	21.4 	20.2 	21.9 	23.4 	24.8 	: 
PC,D,EL	: 	: 	: 	26.9 	: 	: 	: 	23.0 	: 	: 	: 
PC,D,ES	12.8 p	12.8 	16.1 	17.3 	15.2 	13.2 	8.8 	14.0 	17.6 	14.2 	18.9 
PC,D,FI	14.2 p	15.3 	15.0 	15.8 	15.6 	15.2 	17.1 	20.4 	20.3 	20.3 	: 
PC,D,FR	12.1 p	12.1 p	12.1 	13.3 	12.7 	10.5 	9.8 	11.2 	11.2 	11.8 	: 
PC,D,HR	0.4 	1.7 	: 	-0.2 	3.0 	: 	: 	11.7 	: 	: 	: 
PC,D,HU	10.7 u	15.8 	16.5 	7.3 	16.7 	18.5 	17.0 	17.4 	14.4 	13.0 	: 
PC,D,IE	: 	: 	: 	: c	: c	: c	: c	: 	: 	: 	: 
PC,D,IS	9.1 	13.0 	11.9 	11.7 	12.6 	14.8 	11.2 	14.0 	19.1 	18.3 	: 
PC,D,IT	: c	: c	: c	11.0 	: c	: c	: c	8.2 	: 	: 	: 
PC,D,LT	8.6 	9.3 	9.3 	10.0 	9.9 	10.6 	10.3 	16 b	18.9 	20.1 	20.1 
PC,D,LU	-1.7 	-1.3 	-1.7 	-2.0 	-1.0 	0.7 	2.9 	5.1 u	: 	: 	: 
PC,D,LV	17.5 	20.6 	20.6 	21.9 	20.6 	21.2 	21.5 	17.7 	: 	: 	: 
PC,D,ME	: 	: 	: 	11.2 	: 	: 	: 	: 	: 	: 	: 
PC,D,MK	: 	: 	: 	3.1 	: 	: 	: 	: 	: 	: 	: 
PC,D,MT	: 	: 	: 	: 	11.4 	15.6 	13.9 	6.8 	3.1 	4.4 	: 
PC,D,NL	12.2 	15.5 	17.0 	17.5 	18.8 	20.0 	22.5 	49.2 	53.7 	52.2 	: 
PC,D,NO	9.5 	10.1 	10.4 	9.0 	7.7 	9.1 	9.8 	11.4 	12.7 	11.8 	: 
PC,D,PL	4.6 p	4.6 	3.2 	1.7 	4.5 	7.2 	8.3 	9.4 	8.7 	7.9 	7.2 
PC,D,PT	3.3 	7.6 	5.1 	0.6 	3.0 	1.9 	2.0 	13.8 	14.4 	15.0 	15.6 
PC,D,RO	3.6 e	2.6 e	2.3 e	0.8 	-2.0 	-1.8 	0.5 	1.3 	7.8 d	7 d	4.1 d
PC,D,RS	: 	: 	: 	7.6 	: 	: 	: 	: 	: 	: 	: 
PC,D,SE	7.7 	6.9 	8.4 	8.8 	8.0 	8.0 	9.7 	10.3 	11.5 	11.5 	: 
PC,D,SI	-2.6 	0.5 	-0.8 	-0.3 	-0.8 	3.3 	1.0 	5.6 	7.5 	10.5 	11.9 
PC,D,SK	8.6 	8.5 	7.1 	11.9 	12.8 	10.5 	9.4 	15.9 	12.5 	9.1 	: 
PC,D,TR	: 	: 	: 	2.2 	: 	: 	: 	: 	: 	: 	: 
PC,D,UK	18 p	20.7 	21.2 	21.4 	25.2 	28.9 	25.8 	28.4 b	26.5 	32.1 	28.8 
PC,E,AT	7.3 	7.0 	8.8 	10.0 	: 	: 	: 	12.2 	: 	: 	: 
PC,E,BE	-2.4 	-2.2 	-2.0 	-2.0 	-1.6 	-1.2 	-1.0 	-0.5 	0.0 	1.1 	1.7 
PC,E,BG	18.4 	19.9 	20.0 	15.8 	13.0 	9.5 	6.3 	8.2 	8.2 	12.2 	14.5 
PC,E,CH	5.9 	6.2 	6.3 	6.3 	7.1 	7.7 	8.5 	8.4 	5.5 d	5.6 d	: 
PC,E,CY	-5.2 u	-6.2 u	-6.5 u	-6.4 u	-6.9 u	-5.9 u	-6.5 u	-6.3 u	-6.5 u	0.3 u	: 
PC,E,CZ	7.3 	4.5 	4.0 	1.1 	0.8 	2.6 	2.1 	-1.2 	4.0 	3.8 	: 
PC,E,DE	4.7 p	5.7 p	4.6 p	4.9 	4.4 	3.5 	5.5 	4.7 	5.4 	7.3 	8.3 
PC,E,DK	2.4 	1.4 	3.5 	6.6 	4.3 	6.4 	9.1 	13.8 	7.8 	11.1 	: 
PC,E,EE	5.7 	10.2 	11.5 	13.6 	12.4 	11.0 	15.1 	18.5 	17.2 	14.9 	: 
PC,E,EL	: 	: 	: 	6.2 	: 	: 	: 	11.2 	: 	: 	: 
PC,E,ES	13.7 p	13.7 	14.7 	13.5 	15.5 	16.4 	17.7 	17.5 	16.4 	17.0 	20.3 
PC,E,FI	3.4 p	1.4 	4.3 	4.2 	6.9 	7.7 	7.4 	7.0 	8.0 	5.8 	: 
PC,E,FR	3.7 p	3.6 p	3.8 	3.6 	-0.3 	-3.6 	-6.5 	-11.5 	-8.2 	-4.4 	: 
PC,E,HR	-2.0 	-1.0 	: 	0.2 	0.9 	: 	: 	5.5 	: 	: 	: 
PC,E,HU	1.9 p	1.9 	-6.7 	-5.4 	2.8 	-2.4 	-0.9 	-1.7 	0.0 	1.9 	: 
PC,E,IE	: 	: 	: 	: c	: c	: c	: c	18.9 	16.9 	18.2 	: 
PC,E,IS	-3.5 u	-1.2 u	-6.7 u	5.9 u	4.4 u	-2.8 u	0.8 u	-2.7 u	1.6 u	-5.4 u	: 
PC,E,IT	: c	: c	: c	4.5 	: c	: c	: c	4.0 	: 	: 	: 
PC,E,LT	14.8 	14.7 	15.8 	16.4 	15.1 	14.6 	13.4 	10.1 b	9.7 	10.2 	10.2 
PC,E,LU	-2.1 	-4.0 	-4.9 	-6.3 	-9.8 	-14.0 	-17.7 	-21.0 	: 	: 	: 
PC,E,LV	21.8 	18.9 	15.8 	15.4 	19.4 	15.3 	14.6 	11.5 	: 	: 	: 
PC,E,ME	: 	: 	: 	7.1 	: 	: 	: 	: 	: 	: 	: 
PC,E,MK	: 	: 	: 	3.8 	: 	: 	: 	: 	: 	: 	: 
PC,E,MT	5.6 	7.1 	11.5 	11.6 	5.3 	2.5 	-0.3 	-3.1 	3.5 	4.7 	: 
PC,E,NL	0.6 	1.1 	2.2 	2.2 	3.0 	1.8 	3.2 	15.8 	15.3 	20.7 	: 
PC,E,NO	-2.6 	-3.9 	-3.2 	-2.9 	0.5 	-2.7 	0.8 	-0.5 	0.2 	1.9 	: 
PC,E,PL	-4.3 p	-4.3 	-2.4 	-0.4 	0.2 	0.7 	1.2 	1.6 	3.2 	4.7 	6.3 
PC,E,PT	-8.7 	-8.9 	-8.8 	-7.9 	-6.6 	-5.8 	-12.1 	-5.0 	-8.0 	-6.7 	2.1 
PC,E,RO	-0.1 e	-2 e	-2.6 e	-5.0 	-11.3 	-2.6 	-0.5 	-5.3 	2.4 d	7.1 d	14.4 d
PC,E,RS	: 	: 	: 	0.5 	: 	: 	: 	: 	: 	: 	: 
PC,E,SE	-2.8 	-2.8 	-2.2 	0.6 	-0.5 	-0.7 	0.6 	2.8 	2.0 	2.0 	: 
PC,E,SI	-10.3 	-11.1 	-9.8 	-11.6 	-8.3 	-12.6 	-15.6 	-16.3 	-16.8 	-14.7 	-15.1 
PC,E,SK	-3.6 	-5.6 	-8.1 	-6.5 	-3.3 	-1.5 	-2.4 	-9.1 	-2.0 	-5.7 	: 
PC,E,TR	: 	: 	: 	3.3 	: 	: 	: 	: 	: 	: 	: 
PC,E,UK	-0.5 p	-1.3 	-1.1 	-0.7 	-0.4 	-0.7 	-0.5 	-4.1 b	-8.9 	-2.5 	-0.3 
PC,F,AT	6.7 	6.8 	8.0 	8.2 	: 	: 	: 	9.9 	: 	: 	: 
PC,F,BE	-7.5 	-7.1 	-6.9 	-6.6 	-5.3 	-4.0 	-2.8 	-1.6 	-1.2 	-0.6 	0.0 
PC,F,BG	-13.9 	-13.0 	-10.7 	-8.2 	-8.4 	-6.0 	-8.0 	-4.6 	-4.3 	-10.3 	-15.6 
PC,F,CH	6.2 	6.4 	6.7 	7.7 	8.4 	8.6 	8.7 	8.9 	7.7 d	7.8 d	: 
PC,F,CY	8.7 	8.8 	9.2 	8.8 	8.7 	10.0 	14.7 	16.4 	15.3 	16.5 	: 
PC,F,CZ	11.6 	12.4 	9.9 	9.7 	10.5 	9.0 	8.5 	6.1 	11.3 	8.6 	: 
PC,F,DE	13.1 p	12.9 p	13.6 p	13.4 	13.8 	15.4 	13.0 	12.7 	13.2 	13.5 	13.2 
PC,F,DK	10.1 	9.5 	10.6 	10.0 	10.9 	12.4 	9.8 	13.0 	12.6 	12.3 	: 
PC,F,EE	16.5 	15.8 	19.5 	17.8 	23.5 	22.3 	19.1 	19.3 	21.1 	22.6 	: 
PC,F,EL	: 	: 	: 	6.3 	: 	: 	: 	1.8 	: 	: 	: 
PC,F,ES	1.7 p	1.7 	3.3 	-3.5 	5.0 	4.5 	4.5 	3.0 	3.3 	2.9 	3.2 
PC,F,FI	0.6 p	1.8 	2.5 	5.6 	5.7 	6.0 	7.3 	7.6 	8.1 	8.6 	: 
PC,F,FR	-5.8 p	-5.8 p	-5.6 	-5.4 	-6.2 	-7.4 	-8.4 	-9.1 	-6.7 	-4.7 	: 
PC,F,HR	-15.8 	-11.7 	: 	-24.5 	-28.3 	: 	: 	-21.8 	: 	: 	: 
PC,F,HU	-7.6 p	-11.5 	-18.7 	-17.9 	-12.7 	-12.8 	-12.4 	-11.4 	-15.3 	-13.2 	: 
PC,F,IE	: 	: 	: 	30.9 	31.8 	30.1 	28.9 	2.8 	11.0 	-11.9 	: 
PC,F,IS	-7.3 u	-11.2 u	1.0 u	0.2 u	-2.3 u	-12.9 u	-9.1 u	-18.6 u	-27.3 u	-11.9 u	-6.6 u
PC,F,IT	: c	: c	: c	9.9 	: c	: c	: c	-0.6 	: 	: 	: 
PC,F,LT	0.2 	1.6 	3.0 	2.2 	-1.2 	-0.7 	0.7 	-9.1 b	-0.5 	6.9 	16.6 
PC,F,LU	-0.7 	-0.6 	-0.6 	-0.6 	-1.7 	-4.0 	-6.4 	-7.7 u	-7.3 	-7.0 	-6.6 
PC,F,LV	-0.1 	5.3 	3.0 	1.3 	0.4 	0.2 	-0.6 	2.8 	: 	: 	: 
PC,F,ME	: 	: 	: 	: u	: 	: 	: 	: 	: 	: 	: 
PC,F,MK	: 	: 	: 	-2.6 	: 	: 	: 	: 	: 	: 	: 
PC,F,MT	-33.4 	-15.9 	-12.4 	-6.7 	-3.6 	-2.0 	0.8 	7.3 	3.5 	1.8 	: 
PC,F,NL	10.5 	11.6 	13.0 	12.8 	13.2 	14.2 	15.3 	17.1 	17.5 	18.7 	: 
PC,F,NO	-4.8 	-4.3 	-3.7 	1.6 	1.1 	0.9 	2.0 	3.7 	6.2 	4.3 	: 
PC,F,PL	-14.8 p	-14.8 	-13.1 	-11.4 	-10.8 	-10.3 	-10.3 	-10.3 	-7.8 	-5.2 	-2.7 
PC,F,PT	-8.4 	-6.2 	-7.1 	-5.4 	-11.1 	-9.3 	-12.3 	-20.2 	-20.3 	-20.3 	-20.4 
PC,F,RO	-20.9 e	-20.5 e	-24.2 e	-26.1 	-24.8 	-20.8 	-20.1 	-20.1 	-19.8 d	-10.9 d	-9 d
PC,F,RS	: 	: 	: 	-3.4 	: 	: 	: 	: 	: 	: 	: 
PC,F,SE	-1.7 	-1.4 	2.4 	-2.2 	1.1 	4.3 	2.8 	1.9 	3.9 	4.6 	: 
PC,F,SI	-20.8 	-22.3 	-20.9 	-21.0 	-20.6 	-21.9 	-21.4 	-24.8 	-28.7 	-24.1 	-19.6 
PC,F,SK	4.8 	2.5 	4.2 	8.2 	5.1 	8.8 	1.5 	4.6 	9.1 	8.7 	: 
PC,F,TR	: 	: 	: 	-23.7 	: 	: 	: 	: 	: 	: 	: 
PC,F,UK	13.9 p	17.8 	14.1 	18.3 	22.0 	22.3 	20.3 	25.1 b	20.7 	17.0 	14.3 
PC,G,AT	21.5 	21.9 	22.7 	23.4 	: 	: 	: 	27.5 	: 	: 	: 
PC,G,BE	12.0 	12.0 	12.1 	12.1 	13.3 	14.6 	15.6 	17.1 	17.6 	18.2 	18.6 
PC,G,BG	13.6 	14.4 	15.7 	14.0 	11.9 	12.3 	9.6 	11.8 	14.5 	14.4 	10.7 
PC,G,CH	21.7 	21.6 	21.9 	22.3 	22.9 	23.1 	23.4 	27.3 	27.1 d	27.1 d	: 
PC,G,CY	22.7 	23.1 	23.5 	23.6 	25.4 	28.7 	30.5 	31.2 	31.7 	32.7 	: 
PC,G,CZ	24.6 	25.4 	27.7 	26.7 	25.8 	26.0 	27.9 	28.4 	34.1 	34.9 	: 
PC,G,DE	23.7 p	22.7 p	23 p	24.6 	24.2 	25.8 	24.9 	25.1 	25.1 	25.3 	25.3 
PC,G,DK	17.8 	19.0 	18.5 	19.4 	20.8 	19.9 	22.3 	21.5 	21.0 	22.2 	: 
PC,G,EE	31.6 	32.7 	37.7 	37.5 	38.0 	38.5 	37.6 	37.0 	35.5 	34.3 	: 
PC,G,EL	: 	: 	: 	18.3 	: 	: 	: 	17.6 	: 	: 	: 
PC,G,ES	23.3 p	23.3 	21.5 	21.8 	25.6 	25.9 	26.5 	23.5 	23.7 	23.2 	24.0 
PC,G,FI	20 p	21.0 	20.0 	20.0 	22.5 	23.0 	22.5 	22.7 	22.0 	24.5 	: 
PC,G,FR	15.7 p	15.4 p	15.3 	15.7 	17.1 	18.5 	19.9 	22.0 	22.0 	23.0 	: 
PC,G,HR	24.3 	18.8 	: 	21.3 	20.1 	: 	: 	12.6 	: 	: 	: 
PC,G,HU	17.3 p	20.7 	16.6 	19.8 	14.8 	15.7 	11.9 	15.8 	17.5 	16.3 	: 
PC,G,IE	: 	: 	: 	20.7 	22.0 	21.9 	22.4 	23.7 	18.8 	22.0 	: 
PC,G,IS	17.3 	18.3 	19.5 	18.3 	18.1 	18.4 	19.2 	20.6 	23.4 	22.3 	25.8 
PC,G,IT	15.2 p	16.3 	16.8 	17.3 	18.6 	: c	15.7 	15.5 	: 	: 	: 
PC,G,LT	21.0 	24.4 	24.0 	22.6 	22.0 	20.0 	19.2 	18.5 b	26.9 	26.1 	29.2 
PC,G,LU	22.0 	22.7 	21.8 	21.8 	21.8 	23.3 	25.0 	27.0 	26.9 	26.8 	26.6 
PC,G,LV	24.2 	20.1 	23.4 	24.4 	23.5 	23.1 	21.9 	26.3 	: 	: 	: 
PC,G,ME	: 	: 	: 	16.3 	: 	: 	: 	: 	: 	: 	: 
PC,G,MK	: 	: 	: 	21.4 	: 	: 	: 	: 	: 	: 	: 
PC,G,MT	20.1 	19.1 	19.5 	18.7 	22.0 	24.6 	27.6 	29.9 	28.2 	28.4 	: 
PC,G,NL	25.7 	26.3 	25.9 	26.0 	26.3 	26.8 	27.9 	17.2 	17.8 	18.4 	: 
PC,G,NO	17.8 	18.0 	18.0 	17.2 	17.7 	18.0 	18.0 	18.9 	20.4 	21.4 	: 
PC,G,PL	27 p	27.0 	27.9 	28.8 	26.6 	24.4 	25.6 	26.7 	26.8 	26.9 	27.0 
PC,G,PT	16.0 	20.1 	20.9 	20.6 	20.2 	20.2 	20.5 	23.7 	22.0 	24.4 	23.8 
PC,G,RO	11.8 e	13.6 e	13 e	9.0 	7.0 	10.5 	10.1 	12.3 	11 d	14.6 d	13.7 d
PC,G,RS	: 	: 	: 	11.1 	: 	: 	: 	: 	: 	: 	: 
PC,G,SE	13.4 	13.8 	14.5 	11.9 	12.1 	12.6 	14.4 	14.2 	14.6 	17.1 	: 
PC,G,SI	16.8 	16.5 	16.2 	15.9 	14.2 	13.5 	13.1 	11.3 	13.3 	15.4 	14.8 
PC,G,SK	31.1 	28.6 	29.3 	25.5 	25.9 	27.8 	26.4 	28.0 	28.5 	24.2 	: 
PC,G,TR	: 	: 	: 	8.3 	: 	: 	: 	: 	: 	: 	: 
PC,G,UK	22.2 p	21.4 	23.1 	24.9 	25.5 	26.7 	25.0 	28 b	26.5 	27.3 	27.1 
PC,H,AT	10.0 	9.4 	10.3 	10.6 	: 	: 	: 	7.3 	: 	: 	: 
PC,H,BE	5.0 	5.3 	5.6 	5.6 	5.3 	4.9 	4.5 	4.1 	4.6 	5.0 	5.5 
PC,H,BG	2.9 	3.4 	4.2 	4.5 	8.2 	12.3 	14.5 	16.3 	12.6 	15.3 	14.0 
PC,H,CH	13.3 	13.3 	13.2 	12.8 	13.1 	13.4 	13.1 	13.7 	19.1 d	19.2 d	: 
PC,H,CY	32.1 	32.2 	30.6 	31.0 	32.0 	32.6 	34.2 	36.8 	41.6 	38.8 	: 
PC,H,CZ	3.7 	2.9 	1.6 	0.5 	0.0 	-0.3 	1.8 	3.5 	8.2 	8.8 	: 
PC,H,DE	6.4 p	6.7 p	7 p	5.6 	5.3 	7.3 	5.0 	3.9 	4.9 	6.4 	7.2 
PC,H,DK	8.8 	10.7 	10.5 	10.9 	11.0 	11.7 	12.2 	13.8 	15.9 	17.1 	: 
PC,H,EE	8.5 	2.1 	4.7 	14.6 	9.7 	8.6 	11.6 	14.7 	16.3 	18.2 	: 
PC,H,EL	: 	: 	: 	15.2 	: 	: 	: 	20.0 	: 	: 	: 
PC,H,ES	10.5 p	10.5 	9.0 	12.0 	12.0 	11.3 	11.0 	11.1 	13.8 	12.0 	15.2 
PC,H,FI	6.6 p	8.8 	9.2 	9.3 	10.4 	10.8 	10.9 	14.9 	12.1 	9.9 	: 
PC,H,FR	-1.3 p	-1.1 p	-0.3 	0.2 	0.8 	1.1 	0.6 	2.3 	3.5 	3.6 	: 
PC,H,HR	8.1 	4.3 	: 	6.5 	9.5 	: 	: 	12.5 	: 	: 	: 
PC,H,HU	-6.5 p	-6.4 	-4.1 	-2.6 	-3.3 	-0.3 	-0.7 	4.5 	5.8 	4.2 	: 
PC,H,IE	: 	: 	: 	16.7 	15.9 	13.6 	14.1 	10.9 	8.3 	9.8 	: 
PC,H,IS	17.2 	19.9 	19.2 	18.6 	18.4 	15.4 	16.5 	16.1 	20.0 	23.0 	24.7 
PC,H,IT	5.7 p	7.1 	6.9 	6.7 	6.0 	5.6 	2.5 	3.1 	: 	: 	: 
PC,H,LT	-8.2 	-6.3 	-6.8 	-4.2 	-3.9 	-2.7 	-1.6 	4.9 b	3.0 	6.1 	2.1 
PC,H,LU	7.3 	7.8 	6.7 	5.2 	5.3 	8.7 	8.9 	7.1 	: 	: 	: 
PC,H,LV	1.8 	5.4 	3.5 	5.5 	5.8 	8.1 	8.4 	14.8 	: 	: 	: 
PC,H,ME	: 	: 	: 	-1.2 	: 	: 	: 	: 	: 	: 	: 
PC,H,MK	: 	: 	: 	-10.0 	: 	: 	: 	: 	: 	: 	: 
PC,H,MT	7.2 	5.9 	6.4 	8.3 	8.3 	9.4 	8.6 	10.4 	12.0 	13.1 	: 
PC,H,NL	9.1 	8.7 	10.9 	11.1 	11.3 	11.8 	12.8 	18.2 	19.2 	20.2 	: 
PC,H,NO	9.7 	10.4 	11.1 	10.7 	12.3 	10.5 	11.5 	12.1 	12.1 	12.8 	: 
PC,H,PL	-3.8 p	-3.8 	-3.3 	-2.8 	-3.3 	-3.9 	-3.8 	-3.7 	-4.9 	-6.1 	-7.3 
PC,H,PT	-16.5 	-16.7 	-17.7 	-22.0 	-23.9 	-20.2 	-17.7 	-18.0 	-13.2 	-9.6 	-7.0 
PC,H,RO	-2.1 e	-6 e	-8.7 e	-8.9 	-5.1 	-3.6 	3.2 	1.9 	9.5 d	3.6 d	3.6 d
PC,H,RS	: 	: 	: 	-4.9 	: 	: 	: 	: 	: 	: 	: 
PC,H,SE	0.4 	0.8 	-1.0 	1.4 	3.2 	2.8 	3.6 	4.7 	4.8 	6.2 	: 
PC,H,SI	-20.1 	-20.0 	-18.0 	-17.3 	-17.9 	-21.9 	-20.0 	-15.2 	-15.0 	-11.2 	-8.1 
PC,H,SK	6.9 	3.3 	5.2 	4.9 	3.9 	5.3 	1.4 	2.4 	3.7 	7.2 	: 
PC,H,TR	: 	: 	: 	-14.4 	: 	: 	: 	: 	: 	: 	: 
PC,H,UK	5.8 p	3.6 	7.4 	7.9 	4.3 	7.9 	4.5 	4.4 b	4.2 	2.4 	8.4 
PC,I,AT	4.7 	5.0 	5.8 	7.4 	: 	: 	: 	9.9 	: 	: 	: 
PC,I,BE	5.2 	5.4 	5.4 	5.4 	6.2 	7.0 	7.9 	8.7 	9.2 	9.6 	10.7 
PC,I,BG	11.9 	11.5 	11.8 	11.7 	8.5 	13.2 	11.5 	9.6 	9.7 	11.2 	8.0 
PC,I,CH	8.0 	8.1 	8.0 	8.1 	8.7 	8.0 	8.9 	8.4 	9.3 d	9.4 d	: 
PC,I,CY	14.8 	15.2 	15.8 	16.3 	17.8 	18.8 	20.3 	22.1 	23.1 	23.3 	: 
PC,I,CZ	8.3 	5.6 	7.6 	5.1 	5.8 	5.9 	6.9 	8.3 	16.6 	16.1 	: 
PC,I,DE	7.5 p	8.3 p	9.2 p	10.5 	10.7 	11.6 	12.4 	12.9 	13.2 	13.5 	13.7 
PC,I,DK	5.4 	5.4 	3.7 	4.7 	5.2 	5.6 	8.1 	6.7 	4.7 	2.8 	: 
PC,I,EE	16.0 	20.1 	14.0 	20.9 	25.0 	24.6 	20.6 	23.7 	20.8 	18.1 	: 
PC,I,EL	: 	: 	: 	10.5 	: 	: 	: 	13.7 	: 	: 	: 
PC,I,ES	16.4 p	16.4 	13.7 	12.1 	15.2 	18.1 	16.0 	18.0 	17.2 	16.7 	18.8 
PC,I,FI	9.1 p	8.8 	10.1 	10.3 	11.3 	11.1 	11.9 	12.6 	12.7 	13.0 	: 
PC,I,FR	7.1 p	7.2 p	7.3 	7.6 	8.2 	9.0 	9.6 	10.3 	10.5 	10.8 	: 
PC,I,HR	16.3 	15.1 	: 	9.4 	12.6 	: 	: 	12.1 	: 	: 	: 
PC,I,HU	17.3 p	18.0 	13.8 	16.9 	15.7 	15.8 	20.7 	12.8 	17.3 	18.9 	: 
PC,I,IE	: 	: 	: 	18.3 	12.6 	12.8 	13.2 	12.9 	9.5 	18.3 	: 
PC,I,IT	7.7 p	8.7 	12.7 	8.3 	: c	: c	: c	12.5 	: 	: 	: 
PC,I,LT	11.3 	13.4 	13.9 	12.1 	9.3 	11.8 	14.6 	14.9 b	20.9 	19.4 	16.3 
PC,I,LU	11.0 	12.0 	12.2 	12.9 	13.5 	16.0 	16.8 	17.0 	17.2 	17.4 	17.7 
PC,I,LV	7.9 	15.2 	14.1 	14.9 	14.0 	21.9 	21.4 	23.0 	: 	: 	: 
PC,I,ME	: 	: 	: 	3.9 	: 	: 	: 	: 	: 	: 	: 
PC,I,MK	: 	: 	: 	5.0 	: 	: 	: 	: 	: 	: 	: 
PC,I,MT	9.5 	13.5 	12.3 	12.8 	13.4 	14.1 	14.6 	16.6 	15.5 	15.0 	: 
PC,I,NL	12.0 	12.2 	12.7 	12.7 	13.5 	13.4 	13.8 	20.2 	19.0 	20.2 	: 
PC,I,NO	8.6 	8.6 	9.3 	8.2 	7.9 	8.6 	8.8 	9.5 	9.8 	9.6 	: 
PC,I,PL	12.1 p	12.1 	12.0 	11.9 	11.6 	11.2 	19.5 	27.7 	23.2 	18.7 	14.2 
PC,I,PT	15.1 	17.0 	17.9 	17.7 	19.0 	20.1 	21.6 	29.7 	23.4 	23.1 	23.6 
PC,I,RO	4.7 e	4.4 e	5.2 e	4.1 	3.6 	5.4 	5.5 	7.0 	11.4 d	8.5 d	14.4 d
PC,I,RS	: 	: 	: 	7.4 	: 	: 	: 	: 	: 	: 	: 
PC,I,SE	6.7 	6.7 	6.1 	6.3 	5.8 	7.6 	8.1 	8.9 	8.3 	9.0 	: 
PC,I,SI	8.1 	8.0 	8.3 	7.6 	8.3 	10.0 	11.1 	13.9 	14.6 	16.6 	16.6 
PC,I,SK	13.3 	11.6 	13.6 	14.9 	12.4 	13.7 	0.4 	11.3 	16.5 	18.5 	: 
PC,I,TR	: 	: 	: 	8.2 	: 	: 	: 	: 	: 	: 	: 
PC,I,UK	9.6 p	12.3 	10.7 	11.3 	12.2 	14.4 	14.8 	15.6 b	14.8 	22.8 	21.1 
PC,J,AT	21.7 	21.9 	22.7 	22.9 	: 	: 	: 	21.2 	: 	: 	: 
PC,J,BE	11.5 	11.7 	11.8 	11.8 	12.7 	13.5 	14.4 	15.2 	15.3 	16.0 	16.3 
PC,J,BG	18.1 	19.1 	19.2 	17.9 	17.7 	14.5 	9.4 	13.8 	19.7 	13.7 	14.0 
PC,J,CH	20.7 	20.9 	21.5 	21.6 	21.7 	21.0 	21.3 	24.2 	23.7 d	23.8 d	: 
PC,J,CY	14.1 	13.7 	13.5 	14.9 	20.1 	24.1 	21.1 	24.7 	26.7 	27.0 	: 
PC,J,CZ	32.8 	32.8 	32.5 	31.9 	31.6 	31.6 	31.4 	33.0 	35.5 	34.5 	: 
PC,J,DE	25.1 p	25.3 p	25 p	26.2 	27.3 	28.1 	28.1 	28.1 	28.6 	28.7 	28.9 
PC,J,DK	17.4 	17.4 	17.3 	18.1 	17.8 	19.5 	18.9 	20.3 	18.8 	20.0 	: 
PC,J,EE	25.8 	26.4 	25.5 	27.5 	30.1 	30.6 	23.8 	29.5 	29.5 	29.3 	: 
PC,J,EL	: 	: 	: 	21.7 	: 	: 	: 	25.4 	: 	: 	: 
PC,J,ES	13.4 p	13.4 	13.2 	13.7 	16.6 	16.9 	16.0 	14.7 	17.1 	14.9 	16.5 
PC,J,FI	12.9 p	12.5 	12.9 	12.6 	13.2 	13.5 	14.9 	15.7 	16.4 	18.0 	: 
PC,J,FR	11.4 p	11.6 p	11.8 	12.3 	13.8 	14.4 	15.9 	17.7 	18.0 	18.6 	: 
PC,J,HR	14.3 	12.6 	: 	11.7 	19.6 	: 	: 	16.6 	: 	: 	: 
PC,J,HU	20.6 p	20.6 	22.0 	24.1 	25.5 	28.3 	27.6 	24.6 	22.4 	17.4 	: 
PC,J,IE	: 	: 	: 	17.3 	15.9 	17.4 	18.1 	26.2 	25.0 	26.7 	: 
PC,J,IS	12 p	12.1 p	14.5 p	18.2 p	17.7 p	18.2 p	17.4 p	17.9 p	15.1 p	18.8 p	28.2 p
PC,J,IT	18.6 p	18.9 	17.4 	18.9 	: c	: c	: c	17.9 	: 	: 	: 
PC,J,LT	28.2 	29.9 	29.5 	28.8 	27.8 	26.4 	25.7 	25.2 b	28.4 	30.7 	22.2 
PC,J,LU	15.3 	17.2 	19.0 	19.9 	20.3 	19.9 	19.2 	17.8 	: 	: 	: 
PC,J,LV	16.2 	15.0 	10.9 	10.3 	14.0 	16.3 	20.7 	25.0 	: 	: 	: 
PC,J,ME	: 	: 	: 	4.3 	: 	: 	: 	: 	: 	: 	: 
PC,J,MK	: 	: 	: 	3.8 	: 	: 	: 	: 	: 	: 	: 
PC,J,MT	23.7 	20.4 	20.2 	18.6 	17.1 	15.3 	12.2 	11.0 	12.4 	16.3 	: 
PC,J,NL	17.4 	17.6 	18.4 	17.8 	17.2 	18.2 	19.2 	17.4 	17.9 	18.4 	: 
PC,J,NO	14.7 	15.2 	15.9 	15.3 	14.7 	16.0 	17.2 	16.8 	17.4 	17.6 	: 
PC,J,PL	25.9 p	25.9 	25.7 	25.5 	24.0 	22.4 	23.5 	24.5 	26.1 	27.6 	29.2 
PC,J,PT	11.7 	11.2 	11.1 	10.0 	10.8 	12.4 	14.5 	13.2 	17.4 	17.6 	15.6 
PC,J,RO	16.3 e	16.8 e	19.1 e	16.6 	17.5 	13.3 	12.2 	9.8 	7.1 d	8.9 d	5.3 d
PC,J,RS	: 	: 	: 	14.9 	: 	: 	: 	: 	: 	: 	: 
PC,J,SE	10.2 	11.7 	10.6 	11.3 	12.9 	13.8 	15.0 	14.0 	14.2 	16.1 	: 
PC,J,SI	16.7 	15.8 	16.2 	15.0 	14.2 	14.3 	14.0 	14.6 	16.4 	16.0 	16.6 
PC,J,SK	29.4 	27.6 	27.7 	28.5 	27.9 	27.0 	28.3 	27.3 	29.9 	31.1 	: 
PC,J,TR	: 	: 	: 	5.9 	: 	: 	: 	: 	: 	: 	: 
PC,J,UK	18.2 p	17.6 	17.1 	17.0 	18.4 	22.6 	21.6 	23.3 b	21.8 	22.3 	18.2 
PC,K,AT	28.1 	26.6 	30.3 	30.4 	: 	: 	: 	30.3 	: 	: 	: 
PC,K,BE	19.8 	19.9 	20.2 	20.2 	20.8 	21.2 	21.6 	22.1 	22.2 	22.6 	23.0 
PC,K,BG	23.6 	21.9 	22.5 	23.1 	24.9 	25.5 	20.8 	24.5 	23.8 	23.6 	24.7 
PC,K,CH	30.3 	30.5 	30.6 	31.0 	31.1 	31.1 	31.5 	32.0 	32.7 d	32.8 d	: 
PC,K,CY	25.2 	24.8 	24.9 	24.4 	24.6 	25.4 	26.1 	27.3 	29.1 	31.5 	: 
PC,K,CZ	39.5 	40.4 	40.9 	41.4 	40.9 	45.1 	44.3 	42.1 	49.0 	46.6 	: 
PC,K,DE	27.9 p	28.1 p	28.8 p	28.7 	29.3 	29.6 	30.1 	30.0 	29.6 	29.6 	29.4 
PC,K,DK	19.0 	19.5 	20.0 	20.6 	21.4 	21.3 	22.3 	23.0 	22.5 	22.4 	: 
PC,K,EE	40.2 	34.8 	35.4 	42.3 	45.0 	44.9 	41.1 	43.9 	42.3 	40.7 	: 
PC,K,EL	: 	: 	: 	16.8 	: 	: 	: 	17.8 	: 	: 	: 
PC,K,ES	20.5 p	20.5 	18.2 	18.1 	22.6 	21.9 	22.8 	22.5 	23.3 	22.1 	23.3 
PC,K,FI	29.1 p	32.3 	33.5 	34.2 	35.0 	35.3 	35.3 	36.4 	36.6 	36.6 	: 
PC,K,FR	30.6 p	30.5 p	30.4 	30.9 	30.7 	30.2 	29.6 	30.7 	31.4 	34.1 	: 
PC,K,HR	25.0 	5.0 	: 	21.0 	12.1 	: 	: 	7.0 	: 	: 	: 
PC,K,HU	32.4 p	34.2 	23.9 	36.8 	38.0 	38.7 	37.2 	38.6 	39.7 	36.3 	: 
PC,K,IE	: 	: 	: 	: c	: c	: c	: c	: 	: 	: 	: 
PC,K,IS	40.1 	39.5 	37.4 	38.8 	38.1 	34.9 	34.2 	32.2 	36.8 	42.8 	42.6 
PC,K,IT	18.3 p	18.1 	22.0 	22.4 	24.9 	23.4 	22.2 	21.7 	: 	: 	: 
PC,K,LT	38.1 	38.3 	38.5 	39.9 	39.9 	40.0 	40.8 	44.3 b	45.4 	47.7 	46.4 
PC,K,LU	22.1 	23.0 	23.1 	22.5 	23.0 	24.0 	25.7 	26.0 	27.0 	28.1 	29.1 
PC,K,LV	29.8 	25.9 	29.4 	34.8 	30.6 	35.2 	33.5 	37.6 	: 	: 	: 
PC,K,ME	: 	: 	: 	18.1 	: 	: 	: 	: 	: 	: 	: 
PC,K,MK	: 	: 	: 	15.3 	: 	: 	: 	: 	: 	: 	: 
PC,K,MT	28.3 	30.4 	30.3 	27.3 	28.1 	28.1 	29.1 	30.6 	28.7 	26.0 	: 
PC,K,NL	28.1 	28.8 	29.1 	28.3 	28.4 	29.3 	30.2 	23.9 	24.4 	25.1 	: 
PC,K,NO	30.4 	30.4 	31.3 	29.9 	29.8 	29.9 	31.8 	31.4 	31.4 	35.2 	: 
PC,K,PL	30.4 p	30.4 	33.6 	36.7 	36.8 	36.9 	37.7 	38.5 	37.4 	36.3 	35.2 
PC,K,PT	23.6 	23.7 	23.8 	21.6 	22.1 	22.9 	25.8 	25.9 	23.3 	24.4 	24.9 
PC,K,RO	28.2 e	29.2 e	24.2 e	20.9 	21.7 	17.7 	21.9 	17.8 	23.2 d	20.4 d	15.5 d
PC,K,RS	: 	: 	: 	12.9 	: 	: 	: 	: 	: 	: 	: 
PC,K,SE	25.5 	26.9 	26.3 	27.7 	28.9 	30.0 	31.4 	32.3 	32.3 	34.0 	: 
PC,K,SI	22.6 	21.7 	22.9 	23.7 	22.5 	21.7 	22.2 	22.8 	24.8 	29.0 	28.8 
PC,K,SK	33.5 	35.3 	37.5 	35.4 	35.3 	35.1 	37.6 	37.1 	39.6 	38.2 	: 
PC,K,TR	: 	: 	: 	9.8 	: 	: 	: 	: 	: 	: 	: 
PC,K,UK	34.2 p	36.1 	37.4 	39.0 	39.2 	42.3 	39.4 	43.6 b	39.5 	40.7 	41.6 
PC,L,AT	24.9 	25.5 	27.2 	27.8 	: 	: 	: 	27.0 	: 	: 	: 
PC,L,BE	3.4 	3.5 	3.6 	3.6 	7.2 	10.8 	14.2 	17.8 	18.2 	18.5 	19.0 
PC,L,BG	17.9 	17.0 	10.8 	10.8 	10.5 	8.8 	-0.3 	-0.2 	3.4 	7.1 	2.2 
PC,L,CH	20.4 	20.3 	20.4 	20.6 	20.9 	20.7 	20.9 	22.5 	22 d	22 d	: 
PC,L,CY	8.3 u	8.9 u	9.6 u	10.6 u	11.4 u	13.7 u	14.2 u	15.6 u	16.2 u	27.7 u	: 
PC,L,CZ	15.0 	12.0 	10.5 	14.2 	15.8 	12.0 	20.7 	21.8 	15.6 	11.6 	: 
PC,L,DE	12.7 p	15.9 p	14.1 p	16.3 	17.1 	17.0 	17.6 	20.5 	21.5 	20.9 	19.6 
PC,L,DK	9.5 	10.6 	9.4 	9.7 	7.9 	9.6 	10.2 	11.3 	11.4 	18.3 	: 
PC,L,EE	12.0 	14.6 	14.5 	28.6 	17.8 	19.5 	28.4 	22.8 	19.3 	15.7 	: 
PC,L,EL	: 	: 	: 	-6.2 	: 	: 	: 	-12.9 	: 	: 	: 
PC,L,ES	24.1 p	24.1 	22.8 	18.0 	21.4 	19.4 	21.9 	22.6 	18.0 	23.6 	21.7 
PC,L,FI	16.3 p	16.0 	19.0 	18.4 	18.3 	19.6 	19.8 	19.2 	19.8 	21.7 	: 
PC,L,FR	11.6 p	11.6 p	11.6 	11.1 	13.5 	15.9 	19.2 	21.3 	23.1 	22.6 	: 
PC,L,HR	14.7 	14.7 	: 	11.6 	13.0 	: 	: 	18.3 	: 	: 	: 
PC,L,HU	8.7 p	10.9 	0.6 	7.3 	3.3 	-1.3 	3.4 	14.9 	5.3 	9.7 	: 
PC,L,IE	: 	: 	: 	: c	: c	: c	: c	29.5 	28.1 	32.1 	: 
PC,L,IT	: c	: c	: c	27.8 	: c	: c	: c	25.2 	: 	: 	: 
PC,L,LT	12.9 	13.9 	14.5 	15.0 	15.2 	15.3 	15.7 	13.3 b	18.5 	11.3 	11.5 
PC,L,LU	16.8 	19.1 	20.8 	23.2 	23.8 	22.1 	23.0 	25.4 u	: 	: 	: 
PC,L,LV	13.8 	19.2 	18.7 	19.4 	15.4 	: u	10.4 	7.9 	: 	: 	: 
PC,L,ME	: 	: 	: 	27.7 	: 	: 	: 	: 	: 	: 	: 
PC,L,MK	: 	: 	: 	-3.9 	: 	: 	: 	: 	: 	: 	: 
PC,L,MT	7.3 u	20.5 	19.3 	14.2 u	18.9 u	19.7 u	24.9 u	44.8 	33.3 	26.1 	: 
PC,L,NL	17.4 	17.0 	17.2 	16.6 	17.2 	18.1 	19.4 	11.6 	13.0 	13.6 	: 
PC,L,NO	18.4 	20.3 	19.8 	17.7 	13.0 	16.5 	15.9 	18.0 	19.3 	18.8 	: 
PC,L,PL	7.4 p	7.4 	11.0 	14.5 	14.2 	13.9 	13.1 	12.2 	12.7 	13.1 	13.6 
PC,L,PT	18.9 	19.2 	18.3 	16.2 	17.9 	27.0 	36.8 	35.7 	36.6 	37.6 	38.5 
PC,L,RO	10.6 e	10 e	4.9 e	0.6 	3.3 	8.3 	18.5 	11.3 	7.7 d	6.6 d	-16.8 d
PC,L,RS	: 	: 	: 	0.5 	: 	: 	: 	: 	: 	: 	: 
PC,L,SE	8.1 	7.5 	7.1 	9.9 	10.0 	10.2 	9.2 	11.6 	11.5 	12.4 	: 
PC,L,SI	-3.7 	-5.5 	-3.9 	-4.5 	-5.6 	1.1 	7.3 	8.9 	7.4 	14.4 	18.1 
PC,L,SK	23.5 	26.0 	23.1 	21.8 	36.4 	21.3 	25.4 	18.5 	26.8 	13.0 	: 
PC,L,TR	: 	: 	: 	-3.3 	: 	: 	: 	: 	: 	: 	: 
PC,L,UK	21.9 p	22.9 	22.1 	22.7 	27.5 	28.3 	28.9 	26.6 b	28.3 	37.9 	29.0 
PC,M,AT	30.0 	30.8 	31.3 	31.5 	: 	: 	: 	34.0 	: 	: 	: 
PC,M,BE	15.2 	15.2 	15.3 	15.3 	16.3 	17.3 	18.3 	19.4 	19.5 	20.1 	20.4 
PC,M,BG	3.1 	1.1 	9.3 	13.1 	14.0 	12.6 	6.4 	8.4 	11.7 	11.8 	-9.2 
PC,M,CH	22.7 	22.7 	22.6 	22.6 	23.3 	23.3 	23.4 	24.0 	27.3 d	27.4 d	: 
PC,M,CY	32.8 	33.9 	34.8 	35.4 	36.2 	35.4 	34.1 	33.6 	35.3 	37.3 	: 
PC,M,CZ	24.0 	25.7 	24.8 	27.8 	26.3 	27.7 	25.6 	27.2 	28.0 	25.8 	: 
PC,M,DE	30.7 p	31.3 p	30.7 p	31.3 	31.4 	33.6 	32.8 	33.7 	34.0 	33.9 	34.2 
PC,M,DK	19.8 	20.3 	20.6 	21.6 	22.8 	23.4 	23.9 	24.4 	23.2 	23.1 	: 
PC,M,EE	29.0 	22.6 	25.5 	20.2 	21.6 	20.5 	23.8 	18.7 	18.7 	19.5 	: 
PC,M,EL	: 	: 	: 	12.0 	: 	: 	: 	27.8 	: 	: 	: 
PC,M,ES	20.9 p	20.9 	19.6 	19.8 	20.5 	23.6 	23.1 	22.2 	23.3 	24.4 	24.6 
PC,M,FI	14.6 p	15.9 	14.9 	16.7 	16.8 	16.9 	17.6 	18.9 	19.5 	20.2 	: 
PC,M,FR	22.2 p	22.4 p	22.4 	23.2 	23.5 	23.5 	23.7 	24.4 	25.2 	27.0 	: 
PC,M,HR	12.7 	14.6 	: 	6.7 	16.1 	: 	: 	5.4 	: 	: 	: 
PC,M,HU	17.4 p	17.1 	12.1 	12.8 	13.9 	12.7 	14.4 	14.7 	10.2 	12.0 	: 
PC,M,IE	: 	: 	: 	21.4 	21.4 	17.7 	22.3 	30.7 	32.1 	23.8 	: 
PC,M,IT	29.1 p	28.9 	29.1 	25.6 	28.9 	23.9 	28.1 	21.1 	: 	: 	: 
PC,M,LT	16.8 	16.0 	17.4 	17.4 	19.8 	14.6 	15.3 	15.6 b	21.4 	23.2 	12.6 
PC,M,LU	25.4 	25.4 	25.1 	24.7 	23.3 	22.8 	22.3 	21.1 	: 	: 	: 
PC,M,LV	14.6 	7.9 	14.0 	16.0 	12.7 	11.8 	9.5 	13.3 	: 	: 	: 
PC,M,ME	: 	: 	: 	-22.6 	: 	: 	: 	: 	: 	: 	: 
PC,M,MK	: 	: 	: 	27.5 	: 	: 	: 	: 	: 	: 	: 
PC,M,MT	22.6 	25.2 	23.9 	21.6 	17.6 	13.7 	9.7 	8.4 	10.9 	16.5 	: 
PC,M,NL	22.3 	23.0 	23.9 	24.1 	24.5 	25.4 	26.5 	17.4 	18.1 	18.7 	: 
PC,M,NO	20.4 	20.8 	21.8 	20.0 	21.6 	21.5 	22.0 	22.8 	23.0 	23.3 	: 
PC,M,PL	14.9 p	14.9 	17.0 	19.2 	19.2 	19.2 	18.3 	17.4 	19.5 	21.6 	23.7 
PC,M,PT	19.4 	19.9 	19.7 	16.3 	17.5 	23.1 	23.4 	12.7 	13.5 	14.3 	15.1 
PC,M,RO	1.8 e	-1.4 e	0.6 e	1.1 	1.3 	-1.0 	2.3 	-0.2 	-1.4 d	-0.3 d	-17 d
PC,M,RS	: 	: 	: 	3.3 	: 	: 	: 	: 	: 	: 	: 
PC,M,SE	12.3 	14.0 	16.9 	15.7 	15.9 	18.9 	17.3 	18.3 	18.2 	20.0 	: 
PC,M,SI	-0.9 	-1.9 	-1.7 	-0.7 	1.8 	5.9 	11.0 	13.9 	12.5 	14.3 	15.3 
PC,M,SK	16.7 	15.9 	14.6 	19.0 	13.0 	18.4 	11.4 	12.7 	23.3 	21.4 	: 
PC,M,TR	: 	: 	: 	10.4 	: 	: 	: 	: 	: 	: 	: 
PC,M,UK	23.7 p	22.8 	25.3 	25.1 	26.3 	28.4 	29.3 	30.1 b	29.2 	32.2 	30.0 
PC,N,AT	17.7 	18.0 	20.0 	19.5 	: 	: 	: 	22.5 	: 	: 	: 
PC,N,BE	9.0 	9.1 	9.1 	9.2 	11.3 	13.4 	15.4 	17.6 	18.0 	18.9 	19.5 
PC,N,BG	-24.3 	-24.6 	-26.8 	-27.9 	-14.5 	-14.9 	-15.7 	-7.5 	-4.2 	-13.0 	-15.3 
PC,N,CH	17.0 	17.2 	17.4 	17.4 	17.6 	17.3 	17.4 	21.6 	21.3 d	21.4 d	: 
PC,N,CY	9.8 	9.2 	10.5 	8.7 	10.8 	14.5 	16.5 	19.7 	27.9 	29.0 	: 
PC,N,CZ	9.6 	7.2 	6.7 	6.6 	7.8 	7.9 	9.1 	7.6 	11.0 	13.0 	: 
PC,N,DE	14.3 p	14.1 p	14.8 p	14.9 	14.0 	12.4 	12.9 	12.4 	14.5 	13.9 	14.2 
PC,N,DK	2.3 	3.1 	3.4 	1.7 	4.2 	7.0 	7.0 	3.5 	-1.5 	2.6 	: 
PC,N,EE	11.1 	19.1 	10.8 	26.0 	24.2 	22.0 	9.1 	16.0 	18.2 	21.1 	: 
PC,N,EL	: 	: 	: 	15.0 	: 	: 	: 	5.0 	: 	: 	: 
PC,N,ES	15.8 p	15.8 	16.5 	14.6 	14.6 	15.0 	16.4 	16.4 	16.5 	16.1 	16.8 
PC,N,FI	12.4 p	12.7 	13.1 	11.4 	13.3 	13.9 	14.2 	15.8 	14.1 	10.6 	: 
PC,N,FR	8.2 p	8.5 p	9.1 	10.4 	9.5 	9.0 	8.8 	9.0 	5.4 	8.4 	: 
PC,N,HR	-3.5 	-18.6 	: 	-10.8 	-7.6 	: 	: 	10.1 	: 	: 	: 
PC,N,HU	5 p	5.9 	7.0 	8.2 	9.1 	6.5 	11.1 	5.0 	2.4 	16.2 	: 
PC,N,IE	: 	: 	: 	12.2 	14.8 	13.3 	17.7 	15.7 	19.1 	-4.2 	: 
PC,N,IT	8.8 p	9.2 	13.5 	10.8 	: c	: c	: c	8.4 	: 	: 	: 
PC,N,LT	13.2 	14.3 	14.1 	13.5 	12.5 	12.4 	10.7 	14.1 b	11.9 	22.0 	13.7 
PC,N,LU	13.5 	13.8 	13.8 	13.8 	14.1 	14.1 	13.0 	15.1 	: 	: 	: 
PC,N,LV	6.2 	11.3 	8.7 	14.3 	15.3 	14.9 	11.7 	6.7 	: 	: 	: 
PC,N,ME	: 	: 	: 	13.0 	: 	: 	: 	: 	: 	: 	: 
PC,N,MK	: 	: 	: 	5.5 	: 	: 	: 	: 	: 	: 	: 
PC,N,MT	4.5 	8.6 	11.7 	16.4 	14.0 	13.4 	13.6 	8.4 	14.9 	15.8 	: 
PC,N,NL	9.1 	9.5 	10.2 	10.6 	11.8 	11.5 	11.3 	15.1 	15.5 	15.6 	: 
PC,N,NO	7.6 	8.1 	9.1 	8.6 	8.3 	7.5 	8.8 	9.9 	10.3 	9.6 	: 
PC,N,PL	1.8 p	1.8 	0.5 	-0.8 	0.8 	2.3 	1.1 	-0.2 	6.0 	12.2 	18.4 
PC,N,PT	16.9 	22.8 	24.0 	27.7 	25.9 	23.8 	21.8 	22.0 	15.2 	17.3 	10.4 
PC,N,RO	-24.2 e	-27.8 e	-27.9 e	-30.3 	-31.9 	-32.5 	-26.0 	-21.3 	-27.9 d	25.8 d	-14.6 d
PC,N,RS	: 	: 	: 	-4.5 	: 	: 	: 	: 	: 	: 	: 
PC,N,SE	3.2 	5.3 	5.3 	6.9 	6.2 	7.0 	7.1 	8.8 	7.0 	9.5 	: 
PC,N,SI	10.6 	9.1 	7.8 	6.4 	7.4 	8.6 	11.0 	12.7 	15.1 	18.8 	18.8 
PC,N,SK	5.2 	6.9 	8.7 	10.0 	8.8 	9.2 	7.8 	6.2 	7.3 	1.5 	: 
PC,N,TR	: 	: 	: 	-3.6 	: 	: 	: 	: 	: 	: 	: 
PC,N,UK	11.3 p	10.0 	10.1 	10.4 	8.9 	11.5 	10.5 	14.9 b	9.8 	8.5 	10.0 
PC,O,BG	6.7 	4.9 	6.3 	5.2 	3.7 	9.2 	9.5 	12.5 	13.0 	10.8 	4.9 
PC,O,CH	17.6 	17.6 	17.6 	17.9 	17.9 	18.3 	17.9 	17.2 	17.4 d	17.5 d	: 
PC,O,CY	7.4 	11.5 	12.6 	13.6 	14.1 	14.5 	16.2 	16.0 	18.8 	20.4 	: 
PC,O,CZ	14.1 	13.2 	13.2 	12.6 	12.3 	13.8 	14.2 	16.3 	17.0 	18.1 	: 
PC,O,DE	7.7 p	8 p	8 p	8.2 	7.8 	8.1 	8.0 	8.5 	: 	: 	: 
PC,O,DK	6.0 	6.5 	7.3 	11.0 	10.0 	9.4 	9.5 	11.7 	11.0 	5.0 	: 
PC,O,EE	10.9 	7.9 	6.1 	8.4 	8.4 	8.8 	9.8 	10.6 	13.4 	16.0 	: 
PC,O,EL	: 	: 	: 	: 	: 	: 	: 	15.9 	: 	: 	: 
PC,O,ES	8.5 p	8.5 	5.7 	6.6 	12.1 	10.5 	12.5 	10.1 	11.1 	12.0 	: 
PC,O,FI	14.4 p	14.8 	16.6 	17.0 	15.9 	16.1 	15.5 	18.3 	17.6 	18.0 	: 
PC,O,FR	12.5 p	12.5 p	12.5 	12.2 	13.0 	11.6 	12.2 	11.6 	: 	: 	: 
PC,O,HR	12.9 	13.3 	: 	14.9 	20.8 	: 	: 	9.0 	: 	: 	: 
PC,O,HU	9.3 p	13.5 	4.2 	3.6 	-0.8 	-1.7 	3.9 	3.7 	7 d	15.1 	: 
PC,O,IE	: 	: 	: 	14.1 	14.6 	14.8 	16.6 	7.0 	8.6 	11.4 	: 
PC,O,IS	11.4 p	10.9 p	8.6 p	9.8 p	11.6 p	12.5 p	13.3 p	14.5 p	15.6 p	16.5 p	15.2 p
PC,O,IT	: 	: 	: 	13.7 	: 	: 	: 	: 	: 	: 	: 
PC,O,LT	4.1 	3.6 	2.0 	3.2 	4.1 	4.9 	6.4 	7.6 b	8.7 	7.4 	5.5 
PC,O,LV	-0.4 	0.1 	-3.8 	1.4 	-2.2 	-3.7 	-4.4 	-3.4 	: 	: 	: 
PC,O,MK	: 	: 	: 	0.9 	: 	: 	: 	: 	: 	: 	: 
PC,O,NL	1.0 	2.5 	3.2 	3.2 	4.5 	6.7 	8.1 	13.7 	15.3 	15.9 	: 
PC,O,NO	13.0 	13.3 	13.9 	: 	16.5 	16.7 	18.0 	20.9 	: 	: 	: 
PC,O,PL	15.1 p	15.1 	15.6 	16.0 	16.8 	17.6 	17.2 	16.8 	17.1 	17.3 	17.6 
PC,O,PT	: 	: 	: 	: 	: 	: 	: 	: 	0.0 	: 	: 
PC,O,RO	3.3 e	0.3 e	0.6 e	-1.1 	0.2 	0.2 	2.0 	-0.2 	3.7 d	-2.1 d	-0.8 d
PC,O,SE	5.2 	6.0 	6.6 	3.7 	5.4 	6.8 	8.1 	10.1 	10.7 	12.2 	: 
PC,O,SI	6.1 	6.0 	3.4 	4.1 	3.5 	4.9 	5.0 	5.5 	8.5 	6.7 	4.9 
PC,O,SK	23.2 	19.7 	22.9 	21.4 	18.1 	20.9 	18.9 	23.2 	21.2 	19.6 	: 
PC,O,UK	12.8 p	13.5 	12.8 	13.7 	14.4 	15.6 	17.1 	19.4 b	17.7 	19.8 	20.8 
PC,P,AT	23.6 	24.3 	24.2 	24.3 	: 	: 	: 	27.8 	: 	: 	: 
PC,P,BE	2.7 	2.9 	3.0 	2.9 	3.1 	3.3 	3.3 	3.4 	3.5 	3.6 	3.7 
PC,P,BG	8.2 	11.3 	15.5 	15.6 	12.4 	13.9 	11.3 	13.2 	14.5 	11.9 	13.4 
PC,P,CH	7.0 	6.9 	7.9 	7.9 	8.0 	8.0 	8.1 	12.5 	13.6 d	13.7 d	: 
PC,P,CY	7.4 	7.2 	7.0 	7.0 	7.3 	8.9 	10.3 	11.4 	11.3 	13.0 	: 
PC,P,CZ	24.4 	24.7 	25.3 	25.9 	25.5 	24.6 	24.3 	21.7 	24.8 	25.4 	: 
PC,P,DE	12.7 p	13 p	12.5 p	12.7 	11.4 	10.5 	10.5 	9.6 	11.1 	12.8 	14.7 
PC,P,DK	5.3 	5.2 	5.7 	7.1 	8.4 	8.2 	8.6 	10.3 	8.7 	8.6 	: 
PC,P,EE	16.5 	19.5 	21.6 	22.3 	26.0 	25.9 	25.5 	23.8 	23.9 	24.0 	: 
PC,P,EL	: 	: 	: 	9.6 	: 	: 	: 	12.4 	: 	: 	: 
PC,P,ES	7.4 p	7.4 	5.2 	7.9 	9.5 	11.3 	12.8 	10.5 	10.8 	10.5 	11.5 
PC,P,FI	12.5 p	12.9 	14.8 	15.3 	15.7 	15.8 	16.3 	15.8 	15.4 	16.9 	: 
PC,P,FR	17.3 p	17.3 p	17.3 	17.5 	15.1 	14.3 	13.4 	13.9 	13.1 	15.8 	: 
PC,P,HR	19.8 	17.8 	: 	12.9 	11.5 	: 	: 	19.1 	: 	: 	: 
PC,P,HU	17.2 p	14.2 	11.7 	13.4 	36.0 	19.9 	17.6 	20.7 	18.9 	20.6 	: 
PC,P,IE	: 	: 	: 	16.9 	14.1 	15.7 	18.0 	25.3 	25.9 	26.0 	: 
PC,P,IS	12.8 p	12.7 p	13.2 p	13.3 p	14.9 p	15.1 p	15.7 p	15.9 p	17.3 p	21.8 p	21.8 p
PC,P,IT	: c	: c	: c	7.6 	6.1 	8.0 	11.8 	12.6 	: 	: 	: 
PC,P,LT	1.0 	2.8 	2.5 	3.1 	-0.1 	-0.4 	-1.7 	-1.7 b	-3.2 	2.0 	-0.1 
PC,P,LU	3.8 	3.8 	3.9 	3.8 	4.8 	5.5 	6.5 	6.7 	9.6 	12.5 	15.5 
PC,P,LV	-11.5 	-4.4 	1.2 	2.2 	2.5 	1.4 	2.2 	0.8 	: 	: 	: 
PC,P,ME	: 	: 	: 	13.7 	: 	: 	: 	: 	: 	: 	: 
PC,P,MK	: 	: 	: 	-1.0 	: 	: 	: 	: 	: 	: 	: 
PC,P,MT	7.2 	9.1 	10.0 	13.8 	9.8 	4.9 	-0.6 	-3.0 	1.2 	7.2 	: 
PC,P,NL	10.1 	11.2 	11.3 	11.7 	12.3 	12.5 	13.4 	21.2 	21.8 	22.2 	: 
PC,P,NO	7.3 	7.6 	7.9 	7.7 	8.7 	7.8 	8.6 	8.8 	9.8 	10.6 	: 
PC,P,PL	4.8 p	4.8 	4.9 	5.1 	3.4 	1.6 	1.3 	1.0 	2.8 	4.6 	6.4 
PC,P,PT	10.8 	10.6 	10.6 	10.3 	10.7 	11.1 	11.1 	12.4 	17.5 	17.2 	18.3 
PC,P,RO	9.4 e	9.8 e	2.2 e	3.3 	7.3 	7.9 	10.4 	11.5 	12.5 d	16.9 d	19.6 d
PC,P,RS	: 	: 	: 	5.5 	: 	: 	: 	: 	: 	: 	: 
PC,P,SE	8.2 	8.6 	10.1 	10.7 	10.7 	11.3 	11.7 	11.2 	11.3 	12.0 	: 
PC,P,SI	13.8 	13.0 	13.6 	13.4 	12.3 	11.1 	10.7 	9.7 	9.0 	9.2 	9.5 
PC,P,SK	13.9 	14.9 	14.7 	13.0 	13.9 	15.4 	15.6 	14.5 	14.9 	10.7 	: 
PC,P,TR	: 	: 	: 	-1.1 	: 	: 	: 	: 	: 	: 	: 
PC,P,UK	20.1 p	21.0 	20.4 	20.3 	20.1 	20.9 	20.8 	21.2 b	18.5 	19.2 	17.5 
PC,Q,AT	11.1 	11.5 	12.7 	12.8 	: 	: 	: 	12.0 	: 	: 	: 
PC,Q,BE	-1.1 	-0.8 	-0.6 	-0.5 	1.9 	4.5 	6.8 	9.3 	9.3 	9.4 	9.4 
PC,Q,BG	28.0 	30.2 	31.7 	29.2 	28.5 	29.2 	25.3 	27.2 	30.5 	30.2 	26.0 
PC,Q,CH	18.4 	18.2 	18.6 	18.7 	18.4 	18.1 	18.2 	19.1 	20.8 d	20.9 d	: 
PC,Q,CY	12.9 	12.9 	12.9 	14.0 	20.1 	24.9 	36.4 	37.6 	35.4 	32.7 	: 
PC,Q,CZ	25.7 	26.8 	27.8 	27.2 	29.9 	29.8 	27.7 	25.6 	27.1 	25.6 	: 
PC,Q,DE	20 p	20.9 p	21.6 p	23.3 	23.9 	24.2 	24.4 	24.6 	24.5 	24.4 	24.3 
PC,Q,DK	9.3 	8.6 	8.9 	10.1 	9.9 	10.7 	10.4 	13.0 	8.9 	14.3 	: 
PC,Q,EE	29.6 	27.5 	29.1 	32.6 	33.8 	32.2 	32.1 	34.8 	33.0 	31.3 	: 
PC,Q,EL	: 	: 	: 	8.4 	: 	: 	: 	20.6 	: 	: 	: 
PC,Q,ES	25.6 p	25.6 	23.1 	22.0 	24.9 	25.9 	23.5 	24.2 	24.7 	23.6 	24.9 
PC,Q,FI	23.5 p	24.2 	25.9 	25.8 	26.6 	27.7 	28.7 	29.6 	30.2 	30.2 	: 
PC,Q,FR	15 p	14.9 p	14.9 	15.3 	16.4 	16.1 	16.1 	18.2 	18.7 	18.6 	: 
PC,Q,HR	27.3 	19.5 	: 	19.5 	20.3 	: 	: 	24.3 	: 	: 	: 
PC,Q,HU	18.7 p	16.5 	16.0 	15.3 	16.2 	16.1 	16.4 	16.1 	17.0 	18.6 	: 
PC,Q,IE	: 	: 	: 	16.4 	18.5 	19.5 	21.4 	16.8 	21.4 	23.7 	: 
PC,Q,IS	13 p	12.8 p	12.4 p	10.2 p	11.2 p	14.3 p	14.5 p	13.3 p	16.2 p	18.5 p	23.3 p
PC,Q,IT	27.6 p	28.1 	30.1 	28.3 	28.6 	28.1 	24.7 	28.5 	: 	: 	: 
PC,Q,LT	28.0 	29.6 	34.3 	31.6 	28.3 	28.6 	24.8 	21.1 b	26.1 	25.1 	24.2 
PC,Q,LU	0.1 	0.1 	0.1 	0.1 	1.5 	2.3 	4.1 	5.2 	5.4 	5.6 	5.7 
PC,Q,LV	17.3 	19.1 	22.1 	22.5 	21.0 	16.7 	11.8 	11.1 	: 	: 	: 
PC,Q,ME	: 	: 	: 	16.2 	: 	: 	: 	: 	: 	: 	: 
PC,Q,MK	: 	: 	: 	13.9 	: 	: 	: 	: 	: 	: 	: 
PC,Q,MT	16.2 	17.2 	17.6 	17.8 	16.7 	15.4 	13.7 	12.4 	10.5 	8.5 	: 
PC,Q,NL	20.6 	21.1 	21.8 	21.8 	22.7 	23.7 	24.5 	16.5 	17.0 	17.2 	: 
PC,Q,NO	9.4 	8.8 	9.7 	10.7 	11.6 	11.7 	12.5 	12.7 	12.8 	13.4 	: 
PC,Q,PL	13.6 p	13.6 	15.5 	17.4 	19.0 	20.6 	19.2 	17.8 	20.3 	22.8 	25.3 
PC,Q,PT	28.2 	28.1 	28.3 	26.2 	27.7 	28.5 	30.0 	35.9 	33.0 	31.4 	30.9 
PC,Q,RO	8.5 e	7.4 e	6.8 e	8.9 	9.3 	6.6 	9.1 	8.6 	11.3 d	9.4 d	19.7 d
PC,Q,RS	: 	: 	: 	12.6 	: 	: 	: 	: 	: 	: 	: 
PC,Q,SE	9.9 	9.5 	12.0 	10.5 	12.2 	13.7 	14.6 	13.3 	14.0 	16.0 	: 
PC,Q,SI	19.7 	20.2 	20.9 	21.8 	19.9 	19.7 	18.9 	19.0 	20.0 	20.0 	20.4 
PC,Q,SK	27.0 	24.1 	26.2 	24.6 	22.8 	24.2 	24.2 	23.8 	17.5 	17.4 	: 
PC,Q,TR	: 	: 	: 	39.2 	: 	: 	: 	: 	: 	: 	: 
PC,Q,UK	25.4 p	25.8 	26.4 	26.6 	27.3 	28.0 	29.0 	31.9 b	31.6 	29.9 	32.7 
PC,R,AT	23.7 	24.4 	26.4 	26.6 	: 	: 	: 	34.0 	: 	: 	: 
PC,R,BE	0.8 	1.0 	1.1 	1.4 	3.4 	5.1 	6.9 	8.9 	9.0 	9.1 	9.2 
PC,R,BG	6.1 	8.4 	7.9 	13.2 	16.1 	18.9 	18.5 	18.3 	16.5 	20.9 	23.1 
PC,R,CH	14.3 	14.5 	14.5 	14.5 	15.3 	15.4 	15.6 	14.4 	13.7 d	13.8 d	: 
PC,R,CY	61.9 u	62.7 u	63.3 u	68.4 u	60.3 u	52.4 u	45.6 u	37.1 	33.6 	30.2 	: 
PC,R,CZ	13.0 	13.4 	14.2 	13.7 	12.9 	13.5 	11.7 	14.6 	13.8 	18.3 	: 
PC,R,DE	31.9 p	29.1 p	31.9 p	29.8 	29.0 	26.5 	28.8 	27.5 	28.1 	28.8 	27.7 
PC,R,DK	9.2 	9.3 	9.0 	11.1 	10.2 	8.9 	9.8 	8.2 	9.7 	10.2 	: 
PC,R,EE	18.3 	19.1 	19.3 	20.1 	28.6 	28.4 	19.9 	22.7 	20.3 	18.1 	: 
PC,R,EL	: 	: 	: 	12.1 	: 	: 	: 	2.4 	: 	: 	: 
PC,R,ES	11.9 p	11.9 	15.8 	17.2 	11.3 	14.7 	17.8 	22.2 	22.9 	23.5 	24.1 
PC,R,FI	10.5 p	9.4 	9.8 	9.2 	11.1 	8.0 	10.4 	10.8 	11.4 	10.4 	: 
PC,R,FR	30.1 p	30.1 p	30.0 	30.1 	26.5 	22.5 	19.5 	16.4 	17.4 	17.5 	: 
PC,R,HR	14.9 	14.1 	: 	9.4 	14.1 	: 	: 	15.2 	: 	: 	: 
PC,R,HU	37.5 u	21.9 	15.9 	18.3 	16.9 	16.6 	12.4 	3.2 	2.9 d	8.3 	: 
PC,R,IE	: 	: 	: 	: c	: c	: c	22.5 	: 	: 	: 	: 
PC,R,IT	: c	: c	: c	61.3 	: c	: c	: c	20.4 	: 	: 	: 
PC,R,LT	10.2 	12.1 	12.5 	11.6 	12.3 	13.4 	15.1 	12.4 b	20.7 	19.0 	22.9 
PC,R,LU	12.3 	14.0 	14.3 	15.1 	14.9 	16.6 	18.2 	19.5 u	: 	: 	: 
PC,R,LV	13.6 	12.4 	17.8 	8.3 	8.9 	11.2 	12.2 	11.3 	: 	: 	: 
PC,R,ME	: 	: 	: 	13.8 	: 	: 	: 	: 	: 	: 	: 
PC,R,MK	: 	: 	: 	19.9 	: 	: 	: 	: 	: 	: 	: 
PC,R,MT	18.2 	22.0 	22.1 	15.5 	17.8 	19.6 	21.2 	27.0 	20.2 	16.0 	: 
PC,R,NL	20.0 	20.1 	21.0 	21.9 	22.2 	21.9 	23.5 	18.8 	18.5 	18.8 	: 
PC,R,NO	7.9 	8.1 	7.7 	11.5 	13.5 	13.1 	11.0 	11.6 	12.8 	16.2 	: 
PC,R,PL	10.7 p	10.7 	10.2 	9.7 	9.0 	8.3 	10.1 	11.9 	13.6 	15.3 	17.0 
PC,R,PT	45.8 	44.2 	43.5 	26.3 	29.5 	40.5 	52.6 	57.7 	44.0 	49.7 	39.0 
PC,R,RO	13.3 e	15.7 e	14.2 e	4.6 	7.3 	9.2 	7.2 	6.2 	11.1 d	12.5 d	16.3 d
PC,R,RS	: 	: 	: 	3.5 	: 	: 	: 	: 	: 	: 	: 
PC,R,SE	7.9 	7.0 	7.4 	10.5 	11.7 	11.0 	10.6 	11.1 	9.7 	10.0 	: 
PC,R,SI	14.7 	16.3 	15.7 	16.6 	16.2 	17.0 	19.6 	20.1 	23.4 	24.2 	25.5 
PC,R,SK	17.7 	16.0 	19.6 	16.1 	16.3 	13.7 	14.3 	7.7 	16.9 	15.9 	: 
PC,R,TR	: 	: 	: 	11.8 	: 	: 	: 	: 	: 	: 	: 
PC,R,UK	42.7 p	36.5 	38.9 	26.0 	27.1 	26.2 	30.9 	24.3 b	28.0 	24.2 	26.7 
PC,S,AT	25.7 	27.1 	27.9 	28.8 	: 	: 	: 	32.0 	: 	: 	: 
PC,S,BE	22.0 	22.2 	22.3 	22.4 	21.8 	21.3 	20.7 	20.2 	20.2 	20.2 	20.2 
PC,S,BG	4.7 	1.9 	6.6 	3.5 	-1.9 	-0.9 	5.2 	-0.8 	0.8 	-3.7 	-3.5 
PC,S,CH	19.2 	19.4 	19.4 	19.4 	20.2 	20.2 	20.5 	22.7 	23.1 d	23.2 d	: 
PC,S,CY	30.9 u	31 u	32.2 u	32.2 u	38 u	41.3 u	45.9 u	48.1 u	48.6 u	45 u	: 
PC,S,CZ	23.5 	29.3 	32.2 	30.7 	26.1 	25.4 	12.7 	19.2 	17.7 	-1.6 	: 
PC,S,DE	20.5 p	20.8 p	21.4 p	23.0 	21.8 	24.1 	25.2 	24.1 	25.7 	26.4 	26.3 
PC,S,DK	9.5 	11.2 	9.6 	11.3 	12.4 	13.2 	16.2 	14.5 	12.3 	14.1 	: 
PC,S,EE	-3.3 	-0.8 	8.4 	22.7 	18.5 	12.1 	14.2 	30.7 	26.8 	23.6 	: 
PC,S,EL	: 	: 	: 	28.2 	: 	: 	: 	28.7 	: 	: 	: 
PC,S,ES	14.4 p	14.4 	17.5 	12.5 	15.8 	19.5 	22.5 	20.0 	20.1 	22.7 	23.0 
PC,S,FI	14.6 p	16.7 	18.5 	18.6 	19.9 	20.5 	20.8 	20.4 	21.0 	21.3 	: 
PC,S,FR	17.6 p	18 p	18.3 	18.7 	16.9 	15.2 	13.1 	11.1 	13.2 	15.6 	: 
PC,S,HR	17.3 	14.9 	: 	21.9 	24.8 	: 	: 	17.8 	: 	: 	: 
PC,S,HU	6.9 p	8.1 	23.1 	7.9 	10.0 	13.9 	5.1 	14.5 	12.4 	19.6 	: 
PC,S,IE	: 	: 	: 	: c	: c	: c	: c	17.7 	19.7 	22.5 	: 
PC,S,IT	7.9 p	6.4 	10.9 	13.3 	: c	: c	: c	21.3 	: 	: 	: 
PC,S,LT	15.1 	18.9 	20.0 	20.0 	18.1 	23.5 	22.2 	34.9 b	30.1 	30.3 	24.0 
PC,S,LU	30.7 	30.6 	31.7 	34.2 	29.6 	26.1 	22.0 	17.6 u	: 	: 	: 
PC,S,LV	: u	: u	-1.8 	: u	: u	16.5 	30.2 	41.2 	: 	: 	: 
PC,S,ME	: 	: 	: 	27.9 	: 	: 	: 	: 	: 	: 	: 
PC,S,MK	: 	: 	: 	-18.2 	: 	: 	: 	: 	: 	: 	: 
PC,S,MT	6.8 	4.4 	4.0 	-1.4 u	1 u	2.4 u	3.4 u	9.8 	7.9 	6.8 	: 
PC,S,NL	15.4 	16.9 	17.6 	18.5 	18.2 	17.0 	17.8 	27.6 	25.5 	26.0 	: 
PC,S,NO	11.5 	11.7 	12.8 	21.2 	21.3 	20.3 	20.7 	20.0 	20.3 	17.2 	: 
PC,S,PL	32.5 p	32.5 	31.4 	30.2 	30.4 	30.6 	24.5 	18.4 	23.6 	28.8 	34.0 
PC,S,PT	26.3 	27.6 	27.8 	30.8 	29.0 	28.8 	20.8 	21.6 	25.8 	31.4 	29.5 
PC,S,RO	18.1 e	18.3 e	16.2 e	13.1 	17.0 	22.3 	24.7 	29.0 	25.3 d	19 d	16.4 d
PC,S,RS	: 	: 	: 	-22.7 	: 	: 	: 	: 	: 	: 	: 
PC,S,SE	5.1 	6.6 	8.1 	9.6 	10.6 	10.9 	13.0 	13.7 	13.2 	14.0 	: 
PC,S,SI	27.3 	28.5 	28.8 	28.3 	31.6 	32.0 	32.5 	36.8 	35.4 	36.4 	36.4 
PC,S,SK	-4.8 	-8.7 	-6.5 	-1.8 	-11.9 	4.0 	8.0 	-2.8 	1.0 	6.0 	: 
PC,S,TR	: 	: 	: 	14.1 	: 	: 	: 	: 	: 	: 	: 
PC,S,UK	17 p	20.3 	19.5 	18.6 	17.0 	22.4 	20.5 	18.7 b	21.0 	22.2 	25.3 
